"Keywords"	"Section"	"Description"
"Aedes mosquito"	"Class"	"Bugs"
"Aedes mosquito"	"Category"	"Mosquitos"
"Aedes mosquito"	"Clinical_Signs"	"Looks of bite: fluidly pump, and continent description
Feeling of bite: very itchy
Risk of bite: Malaria( you poop to your demise)"
"Aedes mosquito"	"Treatment"	"Cure: Wash the bite and surrounding area with soap and water. Apply an ice pack for 10 minutes to reduce swelling and itching. Reapply ice packs as needed. Apply a mixture of baking soda and water, which can help reduce the itch response."
"Alfalfa"	"Class"	"Plants"
"Alfalfa"	"Category"	"Plants"
"Alfalfa"	"Scientific_name"	"Medicago sativa"
"Alfalfa"	"Description"	"Alfalfa is an excellent forage crop when harvested and stored properly. However, the plant can cause \hepatogenous photosensitivity syndrome\ if water-damaged (Monlux AW . J Am Vet Med Assoc, Vol. 142, 9, p. 989-994, 1963). "
"Alfalfa"	"Clinical_Signs"	"Fresh alfalfa can cause bloating in cows."
"Alfalfa"	"Toxic_Principle"	"All parts of the plant. The primary poisons are canavanine and saponins."
"Alfalfa"	"Conditions_of_Poisoning"	"Consuming fresh alfalfa can cause cause bloating in cattle and sheep. Additionally, \saponins found in alfalfa limit its use for swine and poultry.\ (Source: Cornell University Plants Poisonous to Livestock) "
"Alfalfa"	"Control"	"Limit your livestock's intake of alfalfa, and ensure that you're not feeding them moldy or damp feed. "
"Alfalfa"	"Animals_Affected"	"Cattle, chickens, sheep, horses"
"Alfalfa"	"Distribution"	"Alfalfa is commonly cultivated for animal feed, and instances of it growing in the wild often occur near areas where it is purposefully cultivated. Midwestern states where it is commonly found include Illinois, Tennessee, and Alabama, but it is also found in western states like Colorado and New Mexico."
"Alfalfa"	"state"	"Alabama,Colorado,Illinois,New Mexico,Tennessee"
"Alfalfa"	"References_Used"	"http://powo.science.kew.org/taxon/urn:lsid:ipni.org:names:30234961-2#distribution-map"
"Animas Ridgenose Rattlesnake"	"Class"	"Animals"
"Animas Ridgenose Rattlesnake"	"Category"	"Snake"
"Animas Ridgenose Rattlesnake"	"Scientific_name"	"Crotalus willardi obscurus"
"Animas Ridgenose Rattlesnake"	"Size"	"The average size of a mature Animas Ridgenose Rattlesnake is 1.5 - 2 feet in length."
"Animas Ridgenose Rattlesnake"	"Description"	"The Animas Ridgenose Rattlesnake is a relatively small snake. The body of the snake is typically a chocolate to reddish-brown in color. There are narrow white crossbands that are edged in darker color. The crossbands are sometimes broken, appearing more as blotches. There are blotches/spots on the sides of the snake. The top of the head typically has dark spots. The nose has a row of upturned scales that form a ridge, which is where the snake gets its name.
The Animas Ridgenose Rattlesnake has elliptical pupils that look like cat's eyes and like all pit vipers, has a heat-sensing pit between the nostril and eye on each side of its head. The Animas Ridgenose Rattlesnake has a large, triangular head that is wider than the neck when viewed from above."
"Animas Ridgenose Rattlesnake"	"Distribution"	"In the United States, the Animas Ridgenose Rattlesnake is found in Arizona and New Mexico."
"Animas Ridgenose Rattlesnake"	"state"	"Arizona,New Mexico"
"Apache Recluse"	"Class"	"Bugs"
"Apache Recluse"	"Category"	"Spider"
"Apache Recluse"	"Scientific_name"	"Loxosceles apachea"
"Apache Recluse"	"state"	"Arizona,New Mexico,Texas"
"Arizona Bark Scorpion"	"Class"	"Bugs"
"Arizona Bark Scorpion"	"Category"	"Scorpion"
"Arizona Bark Scorpion"	"Scientific_name"	"Centruroides exilicauda"
"Arizona Bark Scorpion"	"Size"	"The average length of mature Stripebacked Scorpions is 2.5 inches."
"Arizona Bark Scorpion"	"Description"	"The Stripebacked Scorpion varies in color from yellowish-tan to brown. As you can see in the picture below, the Stripebacked Scorpion has 2 dark gray lines that run the length of it's back. Older scorpions tend to be a darker brown, and the stipes may not be as obvious."
"Arizona Bark Scorpion"	"Distribution"	"In the United States, the Stipebacked Scorpion is found in Arizona, Arkansas, Colorado, Illinois, Kansas, Louisiana, Mississippi, Missouri, Nebraska, New Mexico, Oklahoma, Tennessee, and Texas. It is the most widespread scorpion in the United States. Outside of the United States, it is found in Northern Mexico."
"Arizona Bark Scorpion"	"Notes"	"There seems to be some varied opinions about the potential danger of the Stripebacked Scorpion. Some claim it to be harmless, while others have reported it's sting as extremely painful and potentially dangerous."
"Arizona Bark Scorpion"	"state"	"All,All"
"Arizona Black Rattlesnake"	"Class"	"Animals"
"Arizona Black Rattlesnake"	"Category"	"Snake"
"Arizona Black Rattlesnake"	"Scientific_name"	"Crotalus oreganus cerberus"
"Arizona Black Rattlesnake"	"Distribution"	"In the United States, the Arizona Black Rattlesnake is found in Arizona and New Mexico."
"Arizona Black Rattlesnake"	"state"	"Arizona,New Mexico"
"Arizona Coral Snake"	"Class"	"Animals"
"Arizona Coral Snake"	"Category"	"Snake"
"Arizona Coral Snake"	"Scientific_name"	"Micruroides euryxanthus euryxanthus"
"Arizona Coral Snake"	"Size"	"Mature Arizona Coral Snakes can reach up to 21 inches in length, and average between 12-18 inches."
"Arizona Coral Snake"	"Description"	"Arizona Coral Snakes are colorful snakes. They have rings or rings of black, yellow, and red around their bodies. Sometimes the yellow rings appear more white than yellow on the Arizona Coral Snake. The yellow rings are thinner than the black and red rings. The last several inches of the tail of the Arizona Coral Snake contains several rings of black and yellow, without the red rings. Several other snakes are colored similarly, with black, yellow, and red rings, but there is a phrase to help identify coral snakes from these other look-alikes:
Red touches yellow - kill a fellow
Red touches black - venom lack
There are several different versions of this simple rhyme, but the key to it is - if the red and yellow rings touch, it's probably a coral snake. Another quick identifying feature is that the coral snake's head or nose is typically black. There are exceptions to this rule, but if the nose is black, it's probably a coral snake. If you are unsure what kind of snake it is, leave it alone.
Like all coral snakes, the Arizona Coral Snakes have small, fixed fangs in the front of their mouth. They do not have hinged fangs like the pit vipers."
"Arizona Coral Snake"	"Distribution"	"In the United States, the Arizona Coral Snake is found in Arizona and New Mexico."
"Arizona Coral Snake"	"Notes"	"Arizona Coral Snakes are secretive and shy snakes that are rarely seen. They are highly venomous snakes, but bites are relatively rare. Most bites occur when a snake is stepped on, or when someone attempts to handle an Arizona Coral Snake. Some say that the mouth of Arizona Coral Snakes are so small that they can only bite fingers or loose folds of skin - this is simply not true."
"Arizona Coral Snake"	"state"	"Arizona,New Mexico"
"Arizona Recluse"	"Class"	"Bugs"
"Arizona Recluse"	"Category"	"Spider"
"Arizona Recluse"	"Scientific_name"	"Loxosceles arizonica"
"Arizona Recluse"	"Size"	"The average size of mature Arizona Recluse spiders is approximately 1/3 of an inch, with a leg span of 1 to 1.5 inches. Male and female are similar in size."
"Arizona Recluse"	"Description"	"Arizona Recluse spiders are generally yellowish-brown to brown in color, with a darker colored violin shape on the top of the cephalothorax (not the abdomen). The violin is easy to see in the photos on this page. The abdomen is a uniform color, with no markings on it.
Arizona Recluse spiders, and the other related recluse spiders, have six eyes arranged in three pairs of two. This is a rather unique feature, as most spiders have eight eyes. A magnified view of the eyes can be seen in a photo below."
"Arizona Recluse"	"Distribution"	"The Arizona Recluse is only found in Arizona, California, New Mexico, and Texas. Outside of the United States, the Arizona Recluse is found in Mexico."
"Arizona Recluse"	"Notes"	"The Arizona Recluse is known to have a necrotic bite. This means that the bite causes severe damage to the skin and surrounding tissue, resulting in a large open sore, called a necrotic lesion, that takes a long time to heal.
Often the Recluse spiders are called Violin Spiders or Fiddleback Spiders, because of the characteristic violin marking. They are also called Brown Spiders in some areas.
Below is a photo of a Brown Recluse, which is similar in appearance to the Arizona Recluse. Note the violin marking that is found on many recluse spiders, including the Arizona Recluse."
"Arizona Recluse"	"state"	"Arizona,California,New Mexico,Texas"
"Arizona Ridgenose Rattlesnake"	"Class"	"Animals"
"Arizona Ridgenose Rattlesnake"	"Category"	"Snake"
"Arizona Ridgenose Rattlesnake"	"Scientific_name"	"Crotalus willardi willardi"
"Arizona Ridgenose Rattlesnake"	"Size"	"The average size of a mature Arizona Ridgenose Rattlesnake is 1.5 - 2 feet in length."
"Arizona Ridgenose Rattlesnake"	"Description"	"The Arizona Ridgenose Rattlesnake is a relatively small snake. The body of the snake is typically a chocolate to reddish-brown in color. There are narrow white crossbands that are edged in darker color. The crossbands are sometimes broken, appearing more as blotches. There are blotches/spots on the sides of the snake. Prominent white stripes run the length of the face. The nose has a row of upturned scales that form a ridge, which is where the snake gets its name.
The Arizona Ridgenose Rattlesnake has elliptical pupils that look like cat's eyes and like all pit vipers, has a heat-sensing pit between the nostril and eye on each side of its head. The Arizona Ridgenose Rattlesnake has a large, triangular head that is wider than the neck when viewed from above."
"Arizona Ridgenose Rattlesnake"	"Distribution"	"In the United States, the Arizona Ridgenose Rattlesnake is found only in Arizona."
"Arizona Ridgenose Rattlesnake"	"state"	"Arizona"
"Asian Tiger mosquito"	"Class"	"Bugs"
"Asian Tiger mosquito"	"Category"	"Mosquitos"
"Asian Tiger mosquito"	"Clinical_Signs"	"Looks of bite: hard, very bumpy, and very red
Feeling of the bite: it feels very hot and painful
Risk of bite: encephalitis, dengue (all four serotypes), yellow fever"
"Asian Tiger mosquito"	"Treatment"	"Cure: topical solutions and anti-histamines."
"Baja Recluse"	"Class"	"Bugs"
"Baja Recluse"	"Category"	"Spider"
"Baja Recluse"	"Scientific_name"	"Loxosceles palma"
"Baja Recluse"	"state"	"California"
"Banded Gila Monster"	"Class"	"Animals"
"Banded Gila Monster"	"Category"	"Lizard"
"Banded Gila Monster"	"Scientific_name"	"Heloderma suspectum cinctum"
"Banded Gila Monster"	"Size"	"Mature Banded Gila Monsters can reach up to two feet in length, and can weigh up to 3 pounds."
"Banded Gila Monster"	"Description"	"Banded Gila Monsters are black, with double cross band patterns of pink, yellow, or orange. They have a large head, fat body, and a thick tail that usually has several bands around it. Their face and feet are typically colored black."
"Banded Gila Monster"	"Distribution"	"The Banded Gila Monster is also called the Northern subspecies or the Northern Gila Monster. The Banded Gila Monster is only found in western Arizona, southeastern California, southern Nevada, and southwestern Utah."
"Banded Gila Monster"	"Notes"	"Gila Monsters do not have fangs like venomous snakes. The teeth in their lower jaw contain two grooves. When the Gila Monster bites, venom from glands in their lower jaw flows up the grooves into the wound. The Gila Monster will chew on its victim to facilitate the flow of venom. The Gila Monster has powerful jaws, a strong bite, and is said to hold on like a bulldog."
"Banded Gila Monster"	"state"	"All"
"Banded Rock Rattlesnake"	"Class"	"Animals"
"Banded Rock Rattlesnake"	"Category"	"Snake"
"Banded Rock Rattlesnake"	"Scientific_name"	"Crotalus lepidus klauberi"
"Banded Rock Rattlesnake"	"Size"	"The average size of a mature Banded Rock Rattlesnake is 1.5 - 2 feet, with some getting as large as 2.5 feet."
"Banded Rock Rattlesnake"	"Description"	"The Banded Rock Rattlesnake is a slender snake. The body color of the snake varies greatly based on the rock and mold colors that are common in the areas it is found. The body may be greenish, brown, grey, pink/lavendar, or blue-grey. There are widely spaced dark crossbands. These bands usually have serrated, saw-like edges. There are often small spots between the crossbands. On some, the spotting is very heavy and gives the snake a speckled appearance in addition to the banding.
The Banded Rock Rattlesnake has elliptical pupils that look like cat's eyes and like all pit vipers, has a heat-sensing pit between the nostril and eye on each side of its head. The Banded Rock Rattlesnake has a relatively small triangular head that is only slightly wider than the neck when viewed from above. The end of the tail has a rattle on it."
"Banded Rock Rattlesnake"	"Distribution"	"In the United States, the Banded Rock Rattlesnake is found in Arizona, New Mexico, and Texas."
"Banded Rock Rattlesnake"	"state"	"Arizona,New Mexico,Texas"
"bed_bug"	"Class"	"Bugs"
"bed_bug"	"Category"	"Other Bugs"
"bed_bug"	"Description"	"About the size of an apple seed, or 5-7 mm.
Oval and flat, unless they have recently fed.
Light tan to reddish-brown, darkening after feeding.
Wingless, with a wrinkled upper body."
"bed_bug"	"Clinical_Signs"	"Itching, redness, and swelling at the bite site
including hives and anaphylaxis (in rare cases)
Scratching the bites can break the skin and increase the risk of bacterial or fungal infections."
"Big Bend Recluse"	"Class"	"Bugs"
"Big Bend Recluse"	"Category"	"Spider"
"Big Bend Recluse"	"Scientific_name"	"Loxosceles blanda"
"Big Bend Recluse"	"state"	"New Mexico,Texas"
"Bird flea"	"Class"	"Bugs"
"Bird flea"	"Category"	"Fleas"
"Bird flea"	"Clinical_Signs"	"Look of bites: Their bites often leave small red spots on the skin
Feeling of bites:  Bird flea bites can cause itching, irritation, and in some cases, allergic reactions
In most cases, flea bites are ultimately harmless. But you shouldn't scratch your flea bites. You can relieve your itch with many over-the-counter or home remedies. Contact your healthcare provider if your bite symptoms last longer than a few days or if you develop an allergic reaction or other symptoms."
"Bird flea"	"Treatment"	"Cure: Flea bites typically don't need treatment. Over-the-counter anti-itch creams or ointments and antihistamines can relieve itchy skin and discomfort. However, see your healthcare provider if more severe symptoms develop after a bite (allergic reaction, fever, headache or body aches)."
"Black Mamba"	"Class"	"Animals"
"Black Mamba"	"Category"	"Snake"
"Black Mamba"	"Clinical_Signs"	"tingling, blurred vision, difficulty swallowing and speaking, slurred speech, and muscle weakness."
"Black Mamba"	"Treatment"	"Instantly call emergency services and transport the victim to the hospital."
"Black Mamba"	"Notes"	"Don’t Get Bitten by this snake."
"Blister Beetle"	"Class"	"Bugs"
"Blister Beetle"	"Category"	"Other Bugs"
"Blister Beetle"	"Clinical_Signs"	"Look of bite:A blister beetle \bite\ (which is actually a reaction to its toxic hemolymph) looks like a rash of large, painful blisters filled with clear fluid that form on the skin, often appearing in a linear or track-like pattern where the beetle came into contact with the skin. The affected area may also be red and swollen
Feeling of Bite: Blisters: Large, painful blisters filled with clear fluid form on the skin where contact occurred.
Pain: A stinging or burning sensation often occurs first, followed by pain in the affected area.
Redness and swelling: The area around the contact point will likely become red and swollen.
Irritation: The reaction is caused by the beetle secreting a substance that irritates the skin, not a typical \bite\.
Blister beetles excrete a toxic blistering agent called cantharidin, which can cause irritation and blistering when it comes in contact with the eyes, skin, mouth, throat, or digestive tract. The irritation and blisters that form can be painful but usually are not life-threatening."
"Blister Beetle"	"Treatment"	"Cure: Welts and blisters will disappear in about a week. To treat symptoms of a local reaction, wash the blister with warm, soapy water each day, and then apply a topical steroid or antibiotic. This can prevent a secondary infection and ease redness, swelling, and pain.
Applying a cold compress to the lesion several times a day can also ease swelling and pain. You don’t need to see a doctor, but you should seek medical attention if cantharidin gets in your eyes."
"Bloodroot"	"Class"	"Plants"
"Bloodroot"	"Category"	"Plants"
"Bloodroot"	"Scientific_name"	"Sanguinaria canadensis"
"Bloodroot"	"Other_name"	"Red Puccoon"
"Bloodroot"	"Description"	"Bloodroot is a low, glabrous, stemless perennial herb. It has extensively branched rhizomes, and each growing tip produces a flower stem and a leaf that is palmately lobed with 5 to 7 lobes. The flower appears from March to May, rolled in a single leaf. The white-to-pink flower has 8-12 oblong petals and numerous golden yellow stamens. The flower is initially taller than the leaf, but as it turns to fruit, the leaf unfolds and flattens to shade the fruit. The root has reddish-orange sap.    "
"Bloodroot"	"Clinical_Signs"	"Symptoms of bloodroot poisoning include nausea, vomiting, faintness, dizziness, dilated pupils, fainting, diarrhea, and heart failure. Poisoning can be fatal."
"Bloodroot"	"Toxic_Principle"	"The red-colored latex from this plant contains several alkaloids similar to those found in the Opium Poppy, and include sanguinarine, chelerythrine, protopine, and homochelidonine, as well as resins. "
"Bloodroot"	"Conditions_of_Poisoning"	"All parts of the plant are poisonous but the toxins are most highly concentrated in the root after leaves are completely open. The active alkaloid levels vary greatly between regions as well as populations. "
"Bloodroot"	"Animals_Affected"	"Goats"
"Bloodroot"	"Distribution"	"Bloodroot grows throughout the mid to eastern states of the U.S. east of the Mississippi and from southern Canada to the northern half of Louisiana and Georgia. It is found in most counties of Illinois in moist but well-drained woodland soil. "
"Bloodroot"	"state"	"Georgia,Illinois,Louisiana,Mississippi"
"Bloodroot"	"References_Used"	"Burrows, George E., & Tyrl, Ronald J. (2013). Toxic plants of North America. Hoboken: Wiley-Blackwell.
https://plants.ces.ncsu.edu/plants/all/sanguinaria-canadensis/"
"Bouncing Bet"	"Class"	"Plants"
"Bouncing Bet"	"Category"	"Plants"
"Bouncing Bet"	"Scientific_name"	"Saponaria officinalis"
"Bouncing Bet"	"Description"	"Bouncing bet is an herbaceous perennial which grows from rhizomes. Its close relative, cow cockle (Saponaria vaccaria L.), is an annual. It grows to be 1-3 feet tall. The stems are erect and jointed with opposite elliptic leaves which are 3-4 inches long and 1/2 to 1-1/2 inches wide at the middle. The leaf margins lack teeth.
The flowers come in clusters of cylindric sepals and bloom from June to September, displaying 5-6 petals notched at the apex. Petal colors range from white to pink. The fruit is a capsule about 1 inch long and 1/4 inch thick containing many somewhat round black seeds. The seeds have minute bumps on the surface."
"Bouncing Bet"	"Clinical_Signs"	"Poisoning caused by bouncing bet is usually mild, as animals tend to avoid the feed that contains this plant. The poison irritates the digestive tract and may cause vomiting, signs suggestive of nausea, and diarrhea. Slowed or rapid breathing as well as unsteadiness, ataxia and coma also are associated with poisoning by this plant."
"Bouncing Bet"	"Toxic_Principle"	"Bouncing Bet contains large amounts of saponins, which froth when extracted with water. The saponins are soluble in water and alcohol. The sapotoxins of these saponins are similar or identical to those of corn cockle (Agrostemma Githago). Hydrolysis of the saponins yields sugars and sapogonins, a group of physiologically active substances.
The toxic material is contained in highest concentration in the seeds. Most animals refuse to eat the seeds and avoid grains or screenings containing them. Feeding of the plant itself to sheep in an amount of 3% of the body weight caused death within 4 hours; the plant weight being expressed on a dry-weight basis."
"Bouncing Bet"	"Conditions_of_Poisoning"	"The abundance of bouncing bet along roadsides and in other wastelands makes it easily accessible to animals allowed to graze in such places. Although the entire plant is poisonous, the seeds contain the largest concentration of the toxic principle."
"Bouncing Bet"	"Control"	"Screenings of grain should be checked for large quantities of Saponaria seeds. Animals tend to avoid contaminated feed because the plants apparently are distasteful. Animals should not be grazed where Saponaria species is abundant, especially when the pasture grasses are present in short supply or are exceedingly dry. "
"Bouncing Bet"	"Animals_Affected"	"Cattle, sheep, horses"
"Bouncing Bet"	"Distribution"	"Originally from Europe, bouncing bet and the related species, cow cockle (Saponaria vaccaria L.), grow in open unused areas, along roadsides and railroad tracks, and waste grounds throughout the U.S. Bouncing bet is found in nearly all counties of Illinois, while cow cockle is limited only to scattered counties in northern and central Illinois. Bouncing bet and cow cockle are considered weeds, although they are attractive plants."
"Bouncing Bet"	"state"	"Illinois"
"Bracken Fern"	"Class"	"Plants"
"Bracken Fern"	"Category"	"Plants"
"Bracken Fern"	"Scientific_name"	"Pteridium aquilinum"
"Bracken Fern"	"Other_name"	"Brake Fern"
"Bracken Fern"	"Description"	"Bracken fern is a typical fern. Its large triangular fronds are divided into three main parts with each part bipinnately subdivided. These fronds are 2 to 4 feet long by 1 to 3 feet wide. They are borne at the tips of erect, rigid, straw-colored, smooth stalks 1 to 3 feet tall. The stalks rise at intervals from stout black underground rootstocks sometimes a yard or more long.
Spores are borne in late summer at the edges on the lower sides of mature fronds, and the edges fold under to form the spore cover. The rootstocks also spread the fern."
"Bracken Fern"	"Clinical_Signs"	"Bracken fern poisoning affects the cow and the horse differently with regard to both clinical signs of illness and tissue damage. Consumption of the plant may also affect the flavor and odor of the milk produced by the animal.
In cattle:
After feeding on bracken fern for several to many days, cattle often sicken rather suddenly and, contrary to their reaction to most types of plant poisoning, they may show a very high fever. Major effects of bracken fern poisoning in cattle are related to damage to the blood forming elements (decreases production of white blood cells, red blood cells, and platelets) and sometimes to urinary tract carcinogenesis. Clinical signs may include rapid loss of body weight, difficult breathing, excessive salivation, bleeding from the nose, blood in the droppings, and congested, hemorrhagic, or icteric (jaundiced or yellowish) mucous membranes may also be observed. Bracken fern poisoning has been mistaken for anthrax and other infectious diseases of cattle.
In horses:
The first clinical signs of bracken fern poisoning in horses are usually an unsteady gait, a \tucked up\ appearance of the flanks, nervousness, timidity, congestion of the visible mucous membranes, and constipation. Later, the horse may stand with legs spread, walking with a staggering gait, and occasionally fall, especially if its head is raised suddenly. The appetite may remain normal. Dilated pupils and both increased and decreased heart action have been reported in cases of equine bracken fern poisoning. If not treated, death occurs in 2-10 days, though some horses occasionally survive up to 30 days or more after onset of poisoning."
"Bracken Fern"	"Toxic_Principle"	"Thiaminase from bracken fern especially affects horses and pigs but not cattle. Ptaquiloside affects cattle and sheep and causes bone marrow damage. Other toxic principles that affect cattle are: aplastic anemia factor, and hematuria causing factor. "
"Bracken Fern"	"Conditions_of_Poisoning"	"In dry, hot seasons or in late summer to early fall, when succulent herbage is scarce, animals more often eat bracken, although they generally avoid it at other times. Also, if hay is cut from bracken fern-infested meadows and fed, poisoning may result. Both cattle and horses are susceptible to bracken fern poisoning. Sheep and swine rarely eat bracken fern, but exposed swine (at least) may sometimes experience a thiaminase-mediated syndrome."
"Bracken Fern"	"Control"	"Especially during dry periods, animals should be kept out of bracken fern-infested pastures. Hay from infested meadows should not be used for feed or bedding. Generally bracken fern should be eliminated from pastures and hayfields. Large infestations of bracken fern may be reduced gradually by pulling or mowing the fronds twice a year (in June and August) or by fertilizing and liming infested areas. "
"Bracken Fern"	"Animals_Affected"	"Horse, cattle, sheep, swine"
"Bracken Fern"	"Distribution"	"Many varieties of bracken fern are found throughout the U.S., particularly in dry pastures and meadows, abandoned fields, and open woods on sandy and gravelly soil. In Illinois it may be a pest throughout the northern third of the state.
Even when there is no bracken fern in the open pastures, it may be growing in the fencerows and along roadsides, where animals may browse it when other forage is scarce."
"Bracken Fern"	"state"	"Illinois"
"Bracken Fern"	"References_Used"	"Knight, A. P., & Walter, R. G. (2001). A guide to plant poisoning of animals in North America. Jackson, Wyo.: Teton NewMedia."
"Broad Banded Copperhead"	"Class"	"Animals"
"Broad Banded Copperhead"	"Category"	"Snake"
"Broad Banded Copperhead"	"Scientific_name"	"Agkistrodon contortrix laticinctus"
"Broad Banded Copperhead"	"Size"	"The average size of a mature Broad-Banded Copperhead is 2 - 3 feet in length. It is one of the smaller Copperhead subspecies."
"Broad Banded Copperhead"	"Description"	"The Copperhead gets it name from the copper-red color of the top of its head, similar to the color of a penny. The body of the Broad-Banded Copperhead is generally a light tan to reddish-tan, with dark brown to reddish-brown bands. These bands are wider than the light space between them, hence the name. The bands also are not thinner across the spine as they are in other Copperhead subspecies.
Young Broad-Banded Copperheads are patterned like mature Broad-Banded Copperheads, but are often grayer in color, and the tip of the tail on young Broad-Banded Copperheads is yellow. The yellow tail is used to attract food. It is wiggled in a motion imitating a worm or caterpillar, which attract frogs, lizards, or other prey that the young Broad-Banded Copperhead eats.
The Broad-Banded Copperhead has elliptical pupils that look like cat's eyes and like all pit vipers, has a heat-sensing pit between the nostril and eye on each side of its head. The Broad-Banded Copperhead has a large, triangular head that is wider than the neck when viewed from above."
"Broad Banded Copperhead"	"Distribution"	"In the United States, the Broad-Banded Copperhead is found in Kansas, Oklahoma, and Texas."
"Broad Banded Copperhead"	"Notes"	"When the Broad-Banded Copperhead is disturbed or feels threatened, it will often coil up its body, and raise its head at a 45-degree angle from the ground in a defensive posture. It will often vibrate its tail when disturbed as well.
The Broad-Banded Copperhead is born with the ability to bite and inject venom, and is fully capable of inflicting a venomous bite from birth."
"Broad Banded Copperhead"	"state"	"Kansas,Oklahoma,Texas"
"Brown Recluse"	"Class"	"Bugs"
"Brown Recluse"	"Category"	"Spider"
"Brown Recluse"	"Scientific_name"	"Loxosceles reclusa"
"Brown Recluse"	"Size"	"The average size of mature Brown Recluse spiders is approximately 1/3 of an inch, with a leg span of 1 to 1.5 inches. Male and female are similar in size."
"Brown Recluse"	"Description"	"Brown Recluse spiders are generally yellowish-brown to brown in color, with a darker colored violin shape on the top of the cephalothorax (not the abdomen). The violin is easy to see in the photos on this page. The abdomen is a uniform color, with no markings on it.
Brown Recluse spiders, and the other related recluse spiders, have six eyes arranged in three pairs of two. This is a rather unique feature, as most spiders have eight eyes. A magnified view of the eyes can be seen in a photo below."
"Brown Recluse"	"Distribution"	"In the United States, the Brown Recluse is found in Alabama, Arkansas, Georgia, Illinois, Indiana, Iowa, Kansas, Kentucky, Louisiana, Mississippi, Missouri, Nebraska, Oklahoma, Tennessee, and Texas. Outside of the United States, the Brown Recluse is found in Mexico."
"Brown Recluse"	"Notes"	"The Brown Recluse is known to have a necrotic bite. This means that the bite causes severe damage to the skin and surrounding tissue, resulting in a large open sore, called a necrotic lesion, that takes a long time to heal. In some cases, systemic effects (i.e. headache, nausea, abdominal cramps, joint stiffness, and/or fever) have been reported as well. In some cases, when left untreated, the bite of the Brown Recluse has also reportedly caused kidney failure.
Often the Recluse spiders are called Violin Spiders or Fiddleback Spiders, because of the characteristic violin marking. They are also called Brown Spiders in some areas.
Magnified eyes of a recluse spider. Note there are only six eyes, arranged in three pairs. Most spiders have eight eyes."
"Brown Recluse"	"state"	"Alabama,Arkansas,Georgia,Illinois,Indiana,Iowa,Kansas,Kentucky,Louisiana,Mississippi,Missouri,Nebraska,Ohio,Oklahoma,South Carolina,Tennessee,Texas"
"Brown Widow"	"Class"	"Bugs"
"Brown Widow"	"Category"	"Spider"
"Brown Widow"	"Scientific_name"	"Latrodectus geometricus"
"Brown Widow"	"Size"	"The average size of mature, female Brown Widow spiders is approximately .5 inch, with a leg span of 1.5 to 2 inches. Mature, male Brown Widow spiders are much smaller - approximately 1/3 the size of the female."
"Brown Widow"	"Description"	"Brown Widow spiders are typically tan to medium brown in color. In some instances, they can be significantly lighter, almost cream colored, while in others they can be much darker brown, almost appearing black. They have the typical widow hourglass marking on the underside of their abdomen, and most of the time this hourglass appears to be orange, sometimes yellow, on the Brown Widow instead of the red color typically found on the related black widow species. The top of Brown Widow's abdomen can vary greatly in the way it is marked. Typically it has red or white spots running down the middle of its back. Sometimes it will also have black and white markings patterned down the sides of the abdomen. The legs of the Brown Widow are typically banded with yellow/brown and black, as can be seen in the photos below, although I have found that this banding is very hard to see unless the spider is in bright lighting. When not in bright lighting, the legs appear dark brown or black."
"Brown Widow"	"Distribution"	"The Brown Widow is an introduced species in the United States, and was once only found in central and southern Florida. It has since rapidly expanded it's territory and is now found in every southern state in the United States. Outside of the United States, it is believed to live in most tropical areas of the world."
"Brown Widow"	"Notes"	"As with all widow spiders, only the female of the species is considered dangerous. The much smaller male is considered harmless. Brown Widow spiders are nocturnal, which means they are active during the nighttime. They spend most of their time hanging \upside down\ in their web, which often makes the hourglass marking immediately visible. Brown Widow spiders are very common around residential areas and often build webs on outdoor patios, patio furniture, outdoor grills, sheds, undersides of decks, and in garages.
Brown Widow spiders are typically not aggressive, and bite as a defensive measure when they are attacked or feel threatened. They will often retreat into hiding, but are more protective of their web when there are egg sacs present.
Additional notes on the web and egg sacs of Brown Widow spiders accompany the photos below.
The egg sac of the Brown Widow is very unique and is an excellent identifying feature. As seen in the photos below, the egg sacs are a creamy-tan color. What makes them unique is the many \spikes\ that appear on the egg sac."
"Brown Widow"	"state"	"Alabama,Arizona,Arkansas,California,Florida,Georgia,Hawaii,Louisiana,Mississippi,Missouri,Nevada,New Mexico,North Carolina,Oklahoma,South Carolina,Texas,Texas"
"Bumblebee"	"Class"	"Bugs"
"Bumblebee"	"Category"	"Bees"
"Bumblebee"	"Clinical_Signs"	"Look of sting: What Does a Bumblebee Sting Look and Feel Like? Bumblebee stingers are smooth and do not have barbs, so they're unlikely to leave a stinger in the skin. The sting wound can cause a local reaction with swelling, redness, and itching, however. Welts are common with bee stings as well.
swelling"
"Bumblebee"	"Treatment"	"Cure:As soon as possible after being stung, the person should take an anti-inflammatory (such as aspirin or ibuprofen) and place a cold compress to the site. In …"
"Buttercup"	"Class"	"Plants"
"Buttercup"	"Category"	"Plants"
"Buttercup"	"Scientific_name"	"Ranunculus"
"Buttercup"	"Description"	"The small-flowered buttercup is an erect, often widely branched smooth herb with a hollow stem. It grows 6 inches to 2 feet tall. It has two kinds of leaves: petioled basal leaves that are roundish and have scalloped edges, and alternately placed stem leaves that are stalkless, deeply divided, and made up of about 5 narrow lobes, often 3-pointed. Its flowers are yellow, are 1/4 inch wide or less, and have 5 petals, which are shorter than the 5 green sepals. After the flowers wither, numerous seeds form globose heads at the tops of the flower stalks.
The cursed buttercup (Ranunculus sceleratus L.) is similar to the small-flowered buttercup but has divided basal leaves. Its stems are hollow. The hooked buttercup (Ranunculus recurvatus Poir.), so-named because of its hook-tipped seeds, has long yellow petals that form a flower 1 inch wide. The swamp buttercup (R. septentrionalis Poir.) has 3-lobed leaves and bright-yellow flowers 1 inch or more wide. "
"Buttercup"	"Clinical_Signs"	"Buttercup poisoning causes cows to give less milk and may cause the milk to be bitter and red tinted. Severe poisoning brings on colic and diarrhea, with black foul-odored feces, nervousness, twitching of the ears and lips, difficult breathing, and eventually convulsions. The symptoms shown by horses and sheep are similar, but poisoned sheep are likely to fall suddenly. Pigs suspected of tall-buttercup poisoning have shown paralysis but not much digestive disorder. "
"Buttercup"	"Toxic_Principle"	"Ranunculus spp. contain the glycoside, ranunculin from which the poisonous principle, protoanemonin is released when the plant is crushed by virtue of enzymatic action which is activated by crushing. Protoanemonin is a volatile, yellow oil with a lactone moiety which is extremely prone to undergo spontaneous polymerization to yield the innocuous anemonin. Protoanemonin is a bitter tasting oil. "
"Buttercup"	"Conditions_of_Poisoning"	"Buttercups generally inhabit moist areas. Animals allowed to graze in woods, in wet meadows, and by ditches and streams browse the buttercups with other succulent plants. All animals are susceptible to buttercup poisoning, but cows are most often poisoned. Dried buttercups, however, are not poisonous; therefore animals can be fed buttercup-infested hay without danger. "
"Buttercup"	"Control"	"Animals should not be grazed in pastures heavily infested with buttercups, especially when other herbage is scant or dry. Buttercups are hard to destroy because of their tendency to inhabit moist and wet places. Mowing the plants each year before they produce seed will tend to keep them from increasing and may eventually destroy them. "
"Buttercup"	"Animals_Affected"	"Cattle, goats, horses"
"Buttercup"	"Distribution"	"The buttercups named above occur as frequent to common plants throughout the state. The small-flowered buttercup, often a troublesome weed, may be found in any location that is not very sandy or wet. The cursed buttercup is limited to the northern third of the state, where it may be abundant in ditches and springy places as well as in ponds. The swamp buttercup grows in wet woods everywhere in the state.
Several other kinds of buttercups, less abundant or less widely distributed, may be seen in other habitats or from place to place. The tall buttercup (Ranunculus acris L.), to which poisoning of stock is commonly attributed, occurs in northern and central Illinois as a plant introduced locally along highways and railroads. "
"Buttercup"	"state"	"Illinois"
"Carolina Pygmy Rattlesnake"	"Class"	"Animals"
"Carolina Pygmy Rattlesnake"	"Category"	"Snake"
"Carolina Pygmy Rattlesnake"	"Scientific_name"	"Sistrurus miliarius miliarius"
"Carolina Pygmy Rattlesnake"	"Size"	"The average size of a mature Carolina Pygmy Rattlesnake is 1 - 2 feet in length."
"Carolina Pygmy Rattlesnake"	"Description"	"The Carolina Pygmy Rattlesnake, often called the \Ground Rattler\, is a heavy-bodied snake. The body of the snake is grey or reddish. A red or rust colored stripe often runs along the spine. The snake is marked by dark brown or black blotches along its spine that appear to cover the red stripe. There is also one or two rows of dark brown or black blotches on its sides. There is a dark cheek-stripe on both sides of the head that starts at the eye and runs diagonally down and backwards to the jaw above the mouthline. The bottom of the cheek-stripe is often edged in white. The top of the head is often marked by two stripes that continue on to the neck. The end of the tail has a small rattle on it that is seldom lounder than a buzzing insect, and is often not heard or even seen.
The Carolina Pygmy Rattlesnake is categorized as one of several primitive rattlesnakes in the genus Sistrurus. Unlike other rattlesnakes, these rattlesnakes have 9 enlarged scales on the top of their head.
The Carolina Pygmy Rattlesnake has elliptical pupils that look like cat's eyes and like all pit vipers, has a heat-sensing pit between the nostril and eye on each side of its head. The Carolina Pygmy Rattlesnake has a large, triangular head that is wider than the neck when viewed from above."
"Carolina Pygmy Rattlesnake"	"Distribution"	"In the United States, the Carolina Pygmy Rattlesnake is found in Alabama, Georgia, North Carolina, and South Carolina."
"Carolina Pygmy Rattlesnake"	"state"	"Alabama,Georgia,North Carolina,South Carolina"
"Castor Bean"	"Class"	"Plants"
"Castor Bean"	"Category"	"Plants"
"Castor Bean"	"Scientific_name"	"Ricinus communis"
"Castor Bean"	"Description"	"Castor bean is a herbaceous annual which can reach to nearly 15 feet tall when growing in open spaces in warm climates. Large leaves are alternate, palmately lobed with 5-11 toothed lobes. Leaves are glossy and often red or bronze tinted when young. Flowers appear in clusters at the end of the main stem in late summer. The fruit consists of an oblong spiny pod which contains three seeds on average. Seeds are oval and light brown, mottled or streaked with light and dark brown and resemble a pinto bean. The plant itself is fast growing, but the seeds require a long frost-free season in order to mature. 
Poisonous parts/ non-poisonous parts: Some non-poisonous parts are the oil that is extracted from the plant and processed seeds that have to go through a specific detoxification process(but both things have to be processed correctly for it to not be poisonous) the parts that are poisonous are the seeds if they are not processed properly and the leaves."
"Castor Bean"	"Clinical_Signs"	"Signs appear after a characteristic lag period of a few hours to days, usually between 12 hours and 48 hours. Signs support nausea and include evidence of abdominal pain, bloody diarrhea, tenesmus, and dehydration. Additional signs may be anorexia, cessation of rumination, excessive thirst, weakness, muscle twitching, dullness of vision, convulsions, dyspnea, opisthotonus and coma. At postmortem severe inflammation of the stomach and intestine are evident.
Sometimes convulsions and decreased tendon reflexes are observed. After convulsions, death may result from paralysis of the respiratory center. Artifical respiration may not preserve life for long because of rapid onset of concurrent vasomotor paralysis.
In ducks, there is an ascending paralysis which may be confused with botulism. Sometimes thousands of ducks as well as geese are poisoned.
For horses, signs include trembling, sweating, dyspnea, incoordination, vigorous heart contractions, shivering, cold extremities, depression, increased body temperature, weak pulse, constipation or diarrhea, and convulsions.
Cattle may have diarrhea stained with blood.
Pigs have frequent vomiting.
Poultry show signs of depression, roughened feathers, droopy wings, greyish wattles and combs, and emaciation. Egg production ceases and premature moulting may begin.
Some symptoms are nausea, violent vomiting, severe diarrhea, and abdominal pain, significant fluid loss from vomiting and diarrhea can lead to severe dehydration and low blood pressure, and hallucinations, convulsions, and seizures can occur in severe poisoning."
"Castor Bean"	"Toxic_Principle"	"The principle toxin of castor bean is ricin which is a lectin, also termed a toxalbumin. Ricin may comprise up to 3% of the seed weight. Toxalbumins are very toxic plant-derived compounds that combine carbohydrate and protein moieties or components. Ricin is water soluble and is not present in castor oil. Taken orally, ricin is readily absorbed from the stomach and intestine. Another phytotoxin in castor bean, ricinine, is reportedly goitrogenic, but the significance of this compound is not clearly established."
"Castor Bean"	"Conditions_of_Poisoning"	"All parts of the plants are toxic, but most dangerous are the seeds. The most susceptible animal species include cattle, horses, sheep, pigs, fowl, rabbits and other small animals. Seeds ingested at 0.2% of body weight have caused toxicosis in cattle and 0.01% of body weight was toxic to horses."
"Castor Bean"	"Control"	"Castor bean plants are grown largely as commercial and garden plants, and should not be planted in or near livestock enclosures. Plants may appear in the wild in areas of the south where the plant has become naturalized, and animals should not be allowed to graze in areas where the plant grows."
"Castor Bean"	"Treatment"	"Some things to do when you get poisoned are to get fresh air, remove your clothing that is contaminated, wash the exposed skin with soap and water, rinse your eyes and if you have blurry vision or you have a burning sensation, and throw away all of the contaminated items."
"Castor Bean"	"Animals_Affected"	"Ducks, horses, cattle, pigs, poultry"
"Castor Bean"	"Distribution"	"Castor bean is native to the tropics (Africa) but is planted as a garden plant throughout the U.S. for its large, striking appearance. It is now commerically grown in the U.S. in Illinois, Missouri, Kansas, Oklahoma, Oregon and California. As a result, it is naturalized in the south where winters are mild and most often is found near streambeds, dumping grounds, barnyards or along roadsides."
"Castor Bean"	"state"	"California,Illinois,Kansas,Missouri,Oklahoma,Oregon"
"Cat flea"	"Class"	"Bugs"
"Cat flea"	"Category"	"Fleas"
"Cat flea"	"Clinical_Signs"	"Look of bite:  Flea bites on cats often appear as pink bumps, scabs, or rashes
Feeling of bite: Flea bites are extremely itchy causing a lot of discomfort to your cat
Bites of cat fleas can be very annoying to humans because chemicals in flea saliva stimulate an immune response that causes itching. The same immune response can be much more severe in dogs and cats, possibly producing a serious allergic response known as flea bite allergy in susceptible pets."
"Cat flea"	"Treatment"	"Cure: Treatment options include anaesthetic creams and icepacks to reduce the swelling. Persistent flea infestations may need to be treated by a licensed pest control operator."
"Cellar spider"	"Class"	"Bugs"
"Cellar spider"	"Category"	"Spider"
"Cellar spider"	"Clinical_Signs"	"Look of bite: A yellowish-grey spider, with a long, tubular abdomen that often has darker markings on it. The body looks tiny compared to the extremely long, spindly legs, which usually have pale and dark bands on the joints.
Feeling of bites: Despite their potent venom against small insects, the effects on humans are mild. Bites from cellar spiders generally result in only a temporary sting, with no significant medical consequences. This mild reaction is due to the specific proteins in the venom that are not particularly harmful to humans
Cellar spiders pose minimal threats and dangers to humans. They are not venomous to people. Their bites are rare and typically result in mild irritation similar to a mosquito bite. They are classified as nuisance pests due to the extensive webbing they create."
"Cellar spider"	"Treatment"	"Cures:  Clean the bite area with warm water and soap.
Apply a cold, damp washcloth or an ice pack to the bite area.
Elevate the bite area.
Take an antihistamine (allergy medicine) to ease itching and swelling.
Take an over-the-counter (OTC) pain reliever for pain and swelling."
"Centipede"	"Class"	"Bugs"
"Centipede"	"Category"	"Other Bugs"
"Centipede"	"Clinical_Signs"	"Centipede bites can be identified by two puncture marks where they inject their venom into the skin. Centipedes are carnivorous and venomous. They sting and eat their prey, which typically consists of insects and worms."
"Centipede"	"Treatment"	"Some treatments include heat application, ice packs, and medications to reduce pain and swelling. "
"Chilean Recluse"	"Class"	"Bugs"
"Chilean Recluse"	"Category"	"Spider"
"Chilean Recluse"	"Scientific_name"	"Loxosceles laeta"
"Chilean Recluse"	"Size"	"The average size of mature Chilean Recluse spiders is approximately 5/8 of an inch, with a leg span of 1.5 to 2 inches. Male and female are similar in size. The Chilean Recluse is one of the largest recluse spiders."
"Chilean Recluse"	"Description"	"Chilean Recluse spiders are generally yellowish-brown to reddish-brown in color, with a darker colored violin shaped marking on the top of the cephalothorax (not the abdomen). The violin is easy to see in the photos on this page. The abdomen is a uniform color, with no markings on it.
Chilean Recluse spiders, and the other related recluse spiders, have six eyes arranged in three pairs of two. This is a rather unique feature, as most spiders have eight eyes. A magnified view of the eyes can be seen in a photo below."
"Chilean Recluse"	"Distribution"	"The Chilean Recluse is an introduced species that is found in California. The Chilean Recluse has also been reported in the past as living in the basement of the Museum of Comparative Zoology at Harvard University in Massachusetts. Outside of the United States, the Chilean Recluse is found in South America where it is native to Argentina, Brazil, Chile, Ecuador, Peru, and Uruguay. It has also been introduced into Australia, Finland, and Guatemala."
"Chilean Recluse"	"Notes"	"The Chilean Recluse is known to have a necrotic bite. This means that the bite causes severe damage to the skin and surrounding tissue, resulting in a large open sore, called a necrotic lesion, that takes a long time to heal. In some cases, systemic effects (i.e. headache, nausea, abdominal cramps, joint stiffness, and/or fever) have been reported as well. Of all the recluse spiders, the Chilean Recluse reportedly has one of the most venomous bites.
Often the Recluse spiders are called Violin Spiders or Fiddleback Spiders, because of the characteristic violin marking. They are also called Brown Spiders in some areas.
Below is a photo of a Brown Recluse, which is similar in appearance to the Chilean Recluse. Note the violin marking that is found on many recluse spiders, including the Chilean Recluse.
Magnified eyes of a recluse spider. Note there are only six eyes, arranged in three pairs. Most spiders have eight eyes."
"Chilean Recluse"	"state"	"California"
"Cockleburs"	"Class"	"Plants"
"Cockleburs"	"Category"	"Plants"
"Cockleburs"	"Scientific_name"	"Xanthium strumarium"
"Cockleburs"	"Description"	"The cocklebur plant is a coarse herbaceous annual about 3 feet high. They have erect, stout stems and spreading branches that are angled and often red-spotted. The leaves are alternate, rough to the touch, and broadly triangular to heart-shaped. Cockleburs produce two kinds of flowers. One kind, in short terminal branches, produces only pollen; the other kind, in clusters in the axils of the leaves, produces seed. The fruit is a small, hard, 2-chambered bur, oval in shape and about 3/4 inch long. It is covered with strong, hooked spines. This plant reproduces only by means of its seed. 
The seedling, the plant's most dangerous stage, is very different from the mature plant. It consists of a slender, straight whitish green stem 1 to 3 inches tall. Capping this stem are two strap-shaped green leaves, each about 1 1/4 inches long and l/4 inch wide. Leaves produced after these first leaves gradually assume the characteristic shape of those of the mature plant. Proof of the identity of young seedlings may be found in their attachment underground to the easily recognized burs from which they sprout."
"Cockleburs"	"Clinical_Signs"	"Clinical signs usually appear within 2-24 hours after ingestion and may be followed by death within 3 days after the onset of illness. Signs most often include anorexia, reduced responsiveness, vomiting, rapid weak pulse, dyspnea, muscular weakness, prostration, and spasmodic contraction of leg and neck muscles. Ascites and potentially lethal hypoglycemia may occur.
Pigs display signs consistent with abdominal pain, and if severely poisoned may show opisthotonos, spasmodic running motions followed by convulsions and death after about 48 hours.
Cattle may become blind, develop extreme hypersensitivity to external stimuli and prominent convulsions. Calves die acutely, often within 12 hours.
Fowl show markedly reduced response to external stimuli which may be followed by death."
"Cockleburs"	"Toxic_Principle"	"Carboxyatractyloside, a sulfated glycoside, which is present in high concentrations in the seed and cotyledon, is now believed to be the primary toxic principle. As plants develop past the seedling stage, their toxicity decreases. The seeds and seedlings of cockleburs contain the glucoside xanthostrumarin. Toxicity is not lost on drying."
"Cockleburs"	"Conditions_of_Poisoning"	"Pigs rooting and grazing in cocklebur infested places are the most often poisoned domestic species, with those weighing between 20-50 pounds being the most susceptible. Poisoning also affects cattle, sheep, horses, and fowl.
The plant is most hazardous at the seedling stage because of its toxicity as well as palatability. Ingestion of young seedlings in the amount of 0.75% of the animal's weight may result in clinical signs of toxicosis in a few hours and death in 24-48 hours. Approximately 500 seedlings was lethal to a 40-pound pig. The seeds are poisonous at 0.3% of animal weight but are seldom eaten because of their spiny capsule. Occasionally the eating of the ripe spiny capsules is said to result in intestinal obstruction. Mature plants, however, are seldom eaten, perhaps because of their bitterness and rough texture."
"Cockleburs"	"Control"	"Animals should be kept out of infested grazing grounds and drinking places during late spring and early summer when cocklebur seeds are sprouting. Plants in crop fields and pastures may be removed by hoeing and weeding. Heavily infested places should be mowed before the plants form seeds."
"Cockleburs"	"Animals_Affected"	"Pigs, cattle, fowl, rodents"
"Cockleburs"	"Distribution"	"Cockleburs occur throughout Illinois and the rest of the U.S. as stray plants in waste places, cornfields, pastures, and along roadsides, fencerows, stream banks, the beds of dry ponds, and previously flooded land along streams and rivers. Pastures and meadows may be heavily infested, especially with the seedling stage as the result of the burs having been washed in from adjoining fields."
"Cockleburs"	"state"	"Illinois"
"Colorado Desert Sidewinder"	"Class"	"Animals"
"Colorado Desert Sidewinder"	"Category"	"Snake"
"Colorado Desert Sidewinder"	"Scientific_name"	"Crotalus cerastes laterorepens"
"Colorado Desert Sidewinder"	"Size"	"The average size of a mature Colorado Desert Sidewinder is 1.5 - 2 feet, with some getting as large as 2.5 feet in length."
"Colorado Desert Sidewinder"	"Description"	"The Colorado Desert Sidewinder looks as if it has horns over its eyes and is sometimes called the horned rattlesnake. These horns are actually upturned scales, and are not truly horns. The body is typically a sandy tan, gray, or cream color and is patterned with dark blotches of brown or grey on the back and sides. There is a dark cheek-stripe on both sides of the head that starts at the eye and runs diagonally down and backwards above the mouthline. The tail often has a few to several rings. The end of the tail has a rattle on it. The bottom of the rattle is brown.
The Sidewinder gets its name from the unique sidewinding motion it uses to move. The sidewinding motion is used to move across loose sand without slipping. The sidewinder leaves a series of J marks in the sand.
The Colorado Desert Sidewinder has elliptical pupils that look like cat's eyes and like all pit vipers, has a heat-sensing pit between the nostril and eye on each side of its head."
"Colorado Desert Sidewinder"	"Distribution"	"In the United States, the Colorado Desert Sidewinder is found in Arizona and California."
"Colorado Desert Sidewinder"	"state"	"Arizona,California"
"Common house mosquito"	"Class"	"Bugs"
"Common house mosquito"	"Category"	"Mosquitos"
"Common house mosquito"	"Clinical_Signs"	"Looks of bite: itchy bumps that form on the skin after mosquitoes feed on your blood
Feeling of bites: an itchy bump
Yellow fever"
"Common house mosquito"	"Treatment"	"Cure: apply calamine lotion or a nonprescription antihistamine cream or corticosteroid cream"
"Common house spider"	"Class"	"Bugs"
"Common house spider"	"Category"	"Spider"
"Common house spider"	"Clinical_Signs"	"Look bite: Sudden pain or itching.
Two small breaks in the skin or a small red bump.
Redness.
Swelling.
Target-shaped or bull's-eye rash on the skin.
Dark or discolored area on the skin.
Development of an ulcer in 3 to 4 days.
Feeling of bites: development of muscle cramps, headache, and/or severe pain.
Most spider bites are harmless. Your healthcare provider can offer suggestions for alleviating symptoms at home. You should seek immediate medical attention if a black widow, brown recluse or hobo spider bites you, or if you're noticing symptoms of these bites, as most people who get bitten don't see the spider."
"Common house spider"	"Treatment"	"Cure: Clean the wound with mild soap and water. ...
Apply a cool compress over the bite for 15 minutes each hour. ...
If possible, elevate the affected area.
Take an over-the-counter pain reliever as needed."
"Crown of Thorns"	"Class"	"Plants"
"Crown of Thorns"	"Category"	"Plants"
"Crown of Thorns"	"Scientific_name"	"Euphorbia milii"
"Crown of Thorns"	"Description"	"A low-growing evergreen shrub with very thorny grooved stems and branches. The stems are purplish brown and are 1-2 feet tall on average, but can reach 3 feet in a warm climate. The thorns are sharp, pointed and are 1/2 inch long on avarage. The ovate leaves are 1-3 inches long, few in number, and are found mostly at the growing ends. The cyathia, a type of inflorescence characteristic of the genus Euphorbia, are born in small umbels and have showy, ovate and bright red bracts. The small flowers are produced in clusters of 2-8 at the tips of green flower stem about 1 inch long. Genus Euphorbia includes other commonly available plants such as poinsettia (E. pulcherrima) and snow-on-the-mountain (E. marginata)."
"Crown of Thorns"	"Clinical_Signs"	"Generally horses, cattle, sheep, cats, dogs and humans are affected by Euphorbia and may experience severe irritation of the mouth and gastrointestinal tract, sometimes with hemorrhage and diarrhea. Other general signs include blistering, swelling about the eyes and mouth, excessive salivation and emesis, abdominal pain and weakness. The sap may cause dermatitis. Death is rare. Work horses may suffer severe blisters and loss of hair on the ankles. Approximately 3 kg of E. prostrata and E. marginata when fed to cattle produces severe scours and emaciation."
"Crown of Thorns"	"Toxic_Principle"	"The poisonous principles have been identified as phorbol esters. Phorbol esters activate protein kinase C. Protein phosphorylation is increased by protein kinase C which may alter multiple enzyme and other protein functions. Effects may result in cytoskeletal damage and tumor promotion."
"Crown of Thorns"	"Conditions_of_Poisoning"	"The poisonous principle is present in all parts of the plant. Euphorbia species generally are highly unpalatable, but animals may eat them due to lack of good forage. Drying does not destroy the toxicity of the plant, and Euphorbia in hay may be slightly more palatable to livestock. Contact with the white, milky sap may cause severe blistering as well as intense pain to open cuts or eyes. Honey made from the flowers of these plants may be toxic."
"Crown of Thorns"	"Control"	"Light infestations of pastures usually are not a problem since most Euphorbia can be grazed to a limited degree without noticeable reactions. Mowing and reseeding with hardy pasture plants is helpful for heavier infestations of Euphorbia, since most pasture species are annuals; light restocking rates also may help increase the predominance of desirable forage species. Supplemental feeding is suggested in some areas when desirable forage is scarce."
"Crown of Thorns"	"Animals_Affected"	"Horses, cattle, sheep, cats, dogs"
"Crown of Thorns"	"Distribution"	"A native of Madagascar, Crown of Thorns is widely grown as a house plant in northern states including Illinois, and as a common garden plant in southern states, especially Florida."
"Crown of Thorns"	"state"	"Florida,Illinois"
"Cuckoo bees"	"Class"	"Bugs"
"Cuckoo bees"	"Category"	"Bees"
"Cuckoo bees"	"Clinical_Signs"	"Look and feeling of sting: Cuckoo wasps are harmless to humans but may sometimes leave painful stings. Even though their stingers have evolved into ovipositors, some of the larger species can still leave a bite. The sting may last for a few hours unless the person is allergic to insect bites, in which case, medical help is needed.
Risk of sting: can sting humans multiple times, potentially causing pain, swelling, and allergic reactions"
"Cuckoo bees"	"Treatment"	"Cure: You can wash the affected area with cold water or put an ice pack on it. However, in case of severe allergies, it is advisable to seek medical care"
"Daffodil"	"Class"	"Plants"
"Daffodil"	"Category"	"Plants"
"Daffodil"	"Scientific_name"	"Narcissus"
"Daffodil"	"Description"	"Daffodils are ornamental perennial bulbs, common to the United States. The plant grows from bulbs that are various sizes and shapes. The leaves are long and narrow, and the flowers grow either as single flowers or in clusters of up to 20 flowers. They typically don't have a scent, and are either white, yellow, or orange in color."
"Daffodil"	"Clinical_Signs"	"Vomiting, diarrhea, difficulty breathing or swallowing, excess salivation, seizures, dermatitis."
"Daffodil"	"Toxic_Principle"	"At least 15 phenanthridine alkaloids including lycorine, have been identified in the leaves, stems and bulbs of Narcissus. The concentrations of the alkaloids are highest in the outer layers of the bulbs."
"Daffodil"	"Conditions_of_Poisoning"	"While the entire plant is toxic, the bulbs are particularly toxic. Consuming the bulb may cause vomiting, diarrhea, abdominal pain, and in some cases, cardiac arrhythmia or respiratory depression. "
"Daffodil"	"Control"	"Keep your pets and animals away from daffodil plants and bulbs so they don't accidentally eat them. If they do, contact your veterinarian immediately. "
"Daffodil"	"Animals_Affected"	"Dogs, cats, horses, humans"
"Daffodil"	"Distribution"	"Daffodils are found worldwide."
"Daffodil"	"state"	""
"Deadly Nightshade"	"Class"	"Plants"
"Deadly Nightshade"	"Category"	"Plants"
"Deadly Nightshade"	"Description"	"Parts that are deadly/not deadly: All parts of the deadly nightshade plant are poisonous, including the roots, leaves, flowers, and especially the berries. The plant contains toxic alkaloids like atropine, hyoscyamine, and scopolamine, which have anticholinergic properties. The sweet, glossy black berries are a particular danger because they are attractive to children, who may mistake them for edible fruit."
"Deadly Nightshade"	"Clinical_Signs"	"Some symptoms are that you will have a dry mouth, dilate pupils, Diarrhea, stomach pain, vomiting, you will also have a slow pulse, low blood pressure, hallucinations, headaches, and paralysis"
"Deadly Nightshade"	"Treatment"	"What to do when you get poisoned: DON’T let them throw up unless instructed to do so, get their age, weight, and condition, tell them how much was swallowed and at what time. And get poison control"
"DeathStalker"	"Class"	"Bugs"
"DeathStalker"	"Category"	"Scorpion"
"DeathStalker"	"Clinical_Signs"	"intense local pain, burning, numbness, and swelling at the sting site to severe systemic effects like elevated heart rate, high blood pressure, muscle tremors, sweating, nausea, vomiting, and in severe cases, convulsions and respiratory or cardiac failure."
"DeathStalker"	"Treatment"	"Seek Medical Help Immediately and Antivenom"
"DeathStalker"	"Notes"	"This scorpion is deadly ig ig"
"Deer Tick"	"Class"	"Bugs"
"Deer Tick"	"Category"	"Ticks"
"Deer Tick"	"Clinical_Signs"	"Look of bite: The rash is usually a single circle that slowly spreads from the site of the tick bite
Feeling of bite: may become clear in the center and look like a target or bull's-eye. The rash often feels warm to the touch, But it's usually not painful or itchy.
Since the deer tick that transmits Lyme disease typically feeds for >36 hours before transmission of the spirochete, the risk of acquiring Lyme disease from an observed tick bite, for example, is only 1 to 3 percent, even in an area where the disease is common."
"Deer Tick"	"Treatment"	"Cure: Remove the tick as soon as possible 1.Use fine-tipped tweezers to grasp the tick as close to the skin as you can. 2.Pull upward with steady, even pressure. Don’t twist or jerk the tick. 3.After removing the tick, clean the bite area and your hands with rubbing alcohol or soap and water. 4.Dispose of the tick by flushing it down the toilet. If you would like to bring the tick to your healthcare provider for identification, put it in rubbing alcohol or place it in a sealed bag/container. Consider calling your healthcare provider In general, CDC does not recommend taking antibiotics after tick bites to prevent tickborne diseases. However, in certain circumstances, a single dose of doxycycline after a tick bite may lower your risk of Lyme disease. Consider talking to your healthcare provider if you live in an area where Lyme disease is common. Watch for symptoms for 30 days Call your healthcare provider if you get any of the following: • Rash • Fever • Fatigue • Headache • Muscle pain • Joint swelling and pain Treatment for tickborne diseases should be based on symptoms, history of exposure to ticks, and in some cases, blood test results. Most tickborne diseases can be treated with a short course of antibiotics."
"Desert Massasauga"	"Class"	"Animals"
"Desert Massasauga"	"Category"	"Snake"
"Desert Massasauga"	"Scientific_name"	"Sistrurus catenatus edwardsii"
"Desert Massasauga"	"Size"	"The average size of a mature Desert Massasauga is 1.5 - 2.5 feet in length."
"Desert Massasauga"	"Description"	"The Desert Massasauga is a heavy-bodied snake. The body of the snake is light grey. The snake is marked by dark brown blotches along its spine, and two or three rows of dark brown on its sides. The blotches are sometimes outlined in black and often form into crossbands near the tail. The belly of the Desert Massasauga is mostly white or cream, and often has scattered black markings. The end of the tail has a rattle on it.
There is a cheek-stripe on both sides of the head that starts at the eye and runs diagonally down and backwards to the jaw. The top of the head is marked by two stripes that continue on to the neck.
The Desert Massasauga is categorized as one of several primitive rattlesnakes in the genus Sistrurus. Unlike other rattlesnakes, these rattlesnakes have 9 enlarged scales on the top of their head.
The Desert Massasauga has elliptical pupils that look like cat's eyes and like all pit vipers, has a heat-sensing pit between the nostril and eye on each side of its head. The Desert Massasauga has a large, triangular head that is wider than the neck when viewed from above."
"Desert Massasauga"	"Distribution"	"In the United States, the Desert Massasauga is found in Arizona, Colorado, Kansas, New Mexico, Oklahoma, and Texas."
"Desert Massasauga"	"state"	"Arizona,Colorado,Kansas,New Mexico,Oklahoma,Texas"
"Desert Recluse"	"Class"	"Bugs"
"Desert Recluse"	"Category"	"Spider"
"Desert Recluse"	"Scientific_name"	"Loxosceles deserta"
"Desert Recluse"	"Size"	"The average size of mature Desert Recluse spiders is approximately 1/2 of an inch, with a leg span of 1.5 to 2 inches. Male and female are similar in size."
"Desert Recluse"	"Description"	"Desert Recluse spiders are generally yellowish-tan to tan in color. The typical violin shaped marking of the recluse spiders is not apparent on the Desert Recluse. The abdomen is a uniform color, with no markings on it.
Desert Recluse spiders, and the other related recluse spiders, have six eyes arranged in three pairs of two. This is a rather unique feature, as most spiders have eight eyes. A magnified view of the eyes can be seen in a photo below."
"Desert Recluse"	"Distribution"	"The Desert Recluse is found in Arizona, California, Nevada, New Mexico, and Utah. Outside the United States, the Desert Recluse is found in Mexico."
"Desert Recluse"	"Notes"	"The Desert Recluse is known to have a necrotic bite. This means that the bite causes severe damage to the skin and surrounding tissue, resulting in a large open sore, called a necrotic lesion, that takes a long time to heal. In some cases, systemic effects (i.e. headache, nausea, abdominal cramps, joint stiffness, and/or fever) have been reported as well.
Often the Recluse spiders are called Violin Spiders or Fiddleback Spiders, because of the characteristic violin marking. Not all recluse spiders have the Violin marking, such as the Desert Recluse which lacks the violin. Recluse spiders are also called Brown Spiders in some areas.
Magnified eyes of a recluse spider. Note there are only six eyes, arranged in three pairs. Most spiders have eight eyes."
"Desert Recluse"	"state"	"Arizona,California,Nevada,New Mexico,Utah"
"Dog Flea"	"Class"	"Bugs"
"Dog Flea"	"Category"	"Fleas"
"Dog Flea"	"Clinical_Signs"	"Look at the bite: So what do flea bites look like? Fleas leave tiny, red, raised dots on your dog's skin. They are typically smaller than other insect bites, although they can become inflamed after a dog scratches. Some dogs have a stronger reaction to flea bites than others, which creates a much larger red area.
Feeling of the bite: Severe scratching and itching. Biting and chewing at skin. Hair loss.
Their bites can trigger severe allergic reactions, lead to dangerous blood loss, and even transmit serious diseases."
"Dog Flea"	"Treatment"	"Cure: Flea bites typically don't need treatment. Over-the-counter anti-itch creams or ointments and antihistamines can relieve itchy skin and discomfort."
"Dogbanes"	"Class"	"Plants"
"Dogbanes"	"Category"	"Plants"
"Dogbanes"	"Scientific_name"	"Apocynum cannabinum and other species"
"Dogbanes"	"Description"	"This is a perennial milky-juiced herb of the Dogbane family. It has opposite leaves which are simple, nearly 5 inches long and about half as wide, with smooth margins."
"Dogbanes"	"Clinical_Signs"	"Animals that have eaten appreciable quantities of dogbane show first a rise in body temperature, sweating, and a strong pulse but cold extremities. The pupils of the eyes are usually dilated. The inside of the mouth and nostrils becomes discolored, and later the mouth becomes so sore that the animal refuses food. In spite of this, bowel action may be frequent. Death is likely to follow."
"Dogbanes"	"Toxic_Principle"	"Cardiac glycosides."
"Dogbanes"	"Conditions_of_Poisoning"	"This plant is reportedly very distasteful and animals usually avoid it, so poisoning is infrequent. It is consumed primarily when other forage is in short supply. Both green and dried dogbane are toxic. Fifteen to thirty grams of green leaves have been reported to cause the death of a horse or a cow. The root of Apocynum cannabinum has been employed therapeutically to \retard the heart in systole\ and was therefore used for \dropsy\ and \heart trouble.\"
"Dogbanes"	"Control"	"Keep animals from grazing along roadsides, in abandoned fields, or in any other areas where dogbanes are growing. Do not cut hay from land infested with dogbanes. Get rid of these plants in all areas in which animals are grazed or from which hay is cut to be used as feed."
"Dogbanes"	"Animals_Affected"	"Horses, cattle, sheep, cats, dogs, goats"
"Dogbanes"	"Distribution"	"This weed is scattered throughout the United States in open fields, pastures, along roadsides and streams. Sometimes the plant is cultivated for ornament and for use in medicine."
"Dogbanes"	"state"	""
"Dusky Pygmy Rattlesnake"	"Class"	"Animals"
"Dusky Pygmy Rattlesnake"	"Category"	"Snake"
"Dusky Pygmy Rattlesnake"	"Scientific_name"	"Sistrurus miliarius barbouri"
"Dusky Pygmy Rattlesnake"	"Size"	"The average size of a mature Dusky Pygmy Rattlesnake is 1 - 2 feet in length. The largest one on record is 30 inches."
"Dusky Pygmy Rattlesnake"	"Description"	"The Dusky Pygmy Rattlesnake, often called the \Ground Rattler\, is a heavy-bodied snake. The body of the snake is brown or grey. A reddish-orange or rust colored stripe often runs along the spine. The snake is marked by dark brown or black blotches along its spine that appear to cover the reddish-orange stripe. There is also three rows of dark brown or black blotches on its sides. There is a dark cheek-stripe on both sides of the head that starts at the eye and runs diagonally down and backwards to the jaw above the mouthline. The bottom of the cheek-stripe is often edged in white. The top of the head is often marked by two stripes that continue on to the neck. The end of the tail has a small rattle on it that is seldom lounder than a buzzing insect, and is often not heard or even seen.
The Dusky Pygmy Rattlesnake is categorized as one of several primitive rattlesnakes in the genus Sistrurus. Unlike other rattlesnakes, these rattlesnakes have 9 enlarged scales on the top of their head.
The Dusky Pygmy Rattlesnake has elliptical pupils that look like cat's eyes and like all pit vipers, has a heat-sensing pit between the nostril and eye on each side of its head. The Dusky Pygmy Rattlesnake has a large, triangular head that is wider than the neck when viewed from above."
"Dusky Pygmy Rattlesnake"	"Distribution"	"In the United States, the Dusky Pygmy Rattlesnake is found in Alabama, Florida, Georgia, Mississippi, and South Carolina."
"Dusky Pygmy Rattlesnake"	"state"	"Alabama,Florida,Georgia,Mississippi,South Carolina"
"Dutchman's Breeches & Squirrel Corn"	"Class"	"Plants"
"Dutchman's Breeches & Squirrel Corn"	"Category"	"Plants"
"Dutchman's Breeches & Squirrel Corn"	"Scientific_name"	"Dicentra cucullaria Bernh & Dicentra canadensis (Goldie) Walp"
"Dutchman's Breeches & Squirrel Corn"	"Description"	"Dutchman's Breeches is a low, delicate herb, with slender leaf stalks and flower stalks, both rising from an underground, scaly bulb. Its lacy leaves are 3-parted and finely divided. The flower stalks are 5 to 10 inches long and bear several nodding blossoms 1/2 to 3/4 inch long. The blossoms are odorless, white, and flattened; their peculiar shape suggests the common name of the plant. Seeds are produced in small spindle-shaped pods.
A closely related Dicentra Canadensis (squirrel corn) grows 6-12 inches tall from a horizontal rhizome with small round tubers at the base of the plant. Below ground it has a long rootstock bearing yellowish flattened, orbicular corms. Other than the fact the spurs of D. canadensis are short and not divergent, the two species of Dicentra are very much alike, except that squirrel corn has fragrant flowers."
"Dutchman's Breeches & Squirrel Corn"	"Clinical_Signs"	"Eating the leaves and roots produce poisoning similar to that of Bleeding Heart, a common garden plant. The most common symptom of poisoning by Dutchman's breeches and squirrel corn is a staggering gait, which gives the common name staggerweed to both plants. After eating these plants, cows give less milk.
Experimental feeding of these plants to steers caused sudden trembling which increased in severity, frothing of the mouth, ejection of partially digested stomach contents, and convulsions. The eyes became glassy, and the animals went down and moaned as if in pain. Death from Dutchman's Breeches poisoning is rare, particularly if animals are kept away from the plant after the first symptoms appear."
"Dutchman's Breeches & Squirrel Corn"	"Toxic_Principle"	"Isoquinoline alkaloids."
"Dutchman's Breeches & Squirrel Corn"	"Conditions_of_Poisoning"	"All parts of the plants are poisonous, and poisoning can occur through ingestion or skin contact. Poisoning generally only occurs after ingesting large amounts of the plant, and skin irritation caused by the plant is minor and quick to fade."
"Dutchman's Breeches & Squirrel Corn"	"Control"	"Where Dutchman's Breeches is abundant in pastures, keep cows out until other forage is plentiful -- usually late in May. Let sheep graze infested pastures first. Although Dutchman's Breeches is hard to destroy, heavy grazing by sheep is reported to nearly rid woods pastures of this pest."
"Dutchman's Breeches & Squirrel Corn"	"Animals_Affected"	"Cattle
Cattle"
"Dutchman's Breeches & Squirrel Corn"	"Distribution"	"Both Dutchman's breeches and squirrel corn occur throughout the state in wooded areas. Dutchman's breeches is in many places abundant, especially on wooded slopes that have well-drained soil and rich deposits of leaf mold. Squirrel corn, although preferring the same habitat, is much rarer.
Generally Dicentra spp. grow naturally in rich, moist woodlands of eastern to midwestern North America, ranging from New York and southern Ontario to northern Alabama and as far west as eastern Kansas and Nebraska."
"Dutchman's Breeches & Squirrel Corn"	"state"	"Alabama,Kansas,Nebraska,New York"
"Eastern Coral Snake"	"Class"	"Animals"
"Eastern Coral Snake"	"Category"	"Snake"
"Eastern Coral Snake"	"Scientific_name"	"Micrurus fulvius"
"Eastern Coral Snake"	"Size"	"The average size of mature Eastern Coral Snakes is 2 to 3 feet in length. They can grow much larger, with a current record of 47.5 inches, but that is rare."
"Eastern Coral Snake"	"Description"	"Eastern Coral Snakes are colorful snakes. They have rings of black, yellow, and red around their bodies. The yellow rings are very thin compared to the black and red rings. The red rings of Eastern Coral Snakes typically have some black scales and spots in them. The last several inches of the tail of the Eastern Coral Snake contains several rings of black and yellow, without the red rings. Several other snakes are colored similarly, with black, yellow, and red rings, but there is a phrase to help identify coral snakes from these other look-alikes:
Red touches yellow - kill a fellow
Red touches black - venom lack
There are several different versions of this simple rhyme, but the key to it is - if the red and yellow rings touch, it's probably a coral snake. Another quick identifying feature is that the Easter Coral Snake's head or nose is typically black. There are exceptions to this rule, but if the nose is black, it's probably a coral snake. If you are unsure what kind of snake it is, leave it alone.
Like all coral snakes, Eastern Coral Snakes have small, fixed fangs in the front of their mouth. They do not have hinged fangs like the pit vipers."
"Eastern Coral Snake"	"Distribution"	"In the United States, the Eastern Coral Snake is found in the southeastern states of Alabama, Florida, Georgia, Louisiana, Mississippi, North Carolina, and South Carolina."
"Eastern Coral Snake"	"Notes"	"Eastern Coral Snakes are secretive and shy snakes that are rarely seen. When they are disturbed or feel threatened, they will often hide their head under their body, coil the end of their tail tightly and then raise their tail and move it in the air in an attempt to fool an attacker into thinking the tail is actually the head.
Eastern Coral Snakes are highly venomous snakes, but bites are relatively rare. Most bites occur when a snake is stepped on, or when someone attempts to handle an Eastern Coral Snake. Some say that the mouth of Eastern Coral Snakes are so small that they can only bite fingers or loose folds of skin - this is simply not true."
"Eastern Coral Snake"	"state"	"Alabama,Florida,Georgia,Louisiana,Mississippi,North Carolina,South Carolina"
"Eastern Cottonmouth"	"Class"	"Animals"
"Eastern Cottonmouth"	"Category"	"Snake"
"Eastern Cottonmouth"	"Scientific_name"	"Agkistrodon piscivorus piscivorus"
"Eastern Cottonmouth"	"Size"	"The average size of a mature Eastern Cottonmouth is approximately 3 feet in length. Some may grow to 4 or 5 feet in length, and on rare occasion may exceed 5.5 feet."
"Eastern Cottonmouth"	"Description"	"The Eastern Cottonmouth, often called a Water Moccasin, is a heavy, thick-bodied snake. It is dark olive, brown, or black in color and usually has dark brown bands around the back and sides. These bands usually have serrated, saw-like edges. The bands are often difficult to see, and the snake's body may appears to be completely black. There is a dark stripe on both sides of the head that starts at the eye and runs backwards along the head, although this is not as well defined as it is on the Florida Cottonmouth, and is often difficult to see. This stripe may be outlined on top by a lighter cream-colored pinstripe, and a contrasting lighter color below. The underside of the body is typically yellowish-white to a dark tan in color with dark blotches on it.
The Eastern Cottonmouth has elliptical pupils that look like cat's eyes and like all pit vipers, has a heat-sensing pit between the nostril and eye on each side of its head. The Eastern Cottonmouth has a large, triangular head that is wider than the neck when viewed from above.
Young Eastern Cottonmouths are brightly patterned and the tip of the tail on young Eastern Cottonmouths is yellow. The yellow tail is used to attract food. It is wiggled in a motion imitating a worm or caterpillar, which attract frogs, lizards, or other prey that the young Eastern Cottonmouth eats."
"Eastern Cottonmouth"	"Distribution"	"In the United States, the Eastern Cottonmouth is found in the southeastern states of Alabama, Florida, Georgia, Mississippi, North Carolina, South Carolina, and Virginia."
"Eastern Cottonmouth"	"Notes"	"The Eastern Cottonmouth is typically found around freshwater such as lakes, ponds, rivers, and swamps. Along with the Florida Cottonmouth and Western Cottonmouth, it is one of only three venomous water snakes in North America.
When disturbed or threatened, the Eastern Cottonmouth with often coil up it's body, open its mouth wide, and show the white inside of its mouth as a defensive warning. The inside of the mouth looks like white cotton, which is where the cottonmouth gets its name. This defensive posture is often called gaping. One interesting fact about this display is that the fangs are typically not erect and showing, but remain retracted. This is a great example of the fact that the Cottonmouth has voluntary control over whether the fangs are erect or not when its mouth is opened.
The Eastern Cottonmouth is often thought of as an aggressive snake. This is partly due to the fact that they will often stand their ground, showing their defensive posture, rather than retreat. Truth is, they bite out of defense when they feel trapped or cornered, and are not an aggressive snake that will chase someone down.
Many people wrongly assume that any dark-colored snake near the water is a Cottonmouth. There are many different kinds of water snakes that live in the same areas as the Eastern Cottonmouth. There are ways to tell them apart. The Cottonmouth has elliptical pupils, which look like cat-eyes, whereas the other water snakes have round pupils. The Cottonmouth has heat-sensing pits between its eyes and nostrils, like all pit vipers. The other water snakes do not have heat-sensing pits. When the head is viewed from above, the eyes of the Cottonmouth cannot be seen, whereas the eyes of the water snake can be. The Eastern Cottonmouth swims with its head well out of the water, whereas water snakes swim with their heads in the water. The dark stripe, running from the eyes back along the sides of the head, can also help identify a Eastern Cottonmouth."
"Eastern Cottonmouth"	"state"	"Alabama,Florida,Georgia,Mississippi,North Carolina,South Carolina,Virginia"
"Eastern Diamondback Rattlesnake"	"Class"	"Animals"
"Eastern Diamondback Rattlesnake"	"Category"	"Snake"
"Eastern Diamondback Rattlesnake"	"Scientific_name"	"Crotalus adamanteus"
"Eastern Diamondback Rattlesnake"	"Size"	"The average size of a mature Eastern Diamondback Rattlesnake is 3 - 6 feet in length. The longest length on record is 96 inches (8 feet). The Eastern Diamondback Rattlesnake is the largest rattlesnake, as well as the largest venomous snake, native to the United States."
"Eastern Diamondback Rattlesnake"	"Description"	"The Eastern Diamondback Rattlesnake is a heavy, thick-bodied snake. The body of the snake has dark diamond-shaped patterns that run along the snake's spine. The center of the diamonds are typically brown, and the diamonds are definitively outlined in a cream color. The diamond pattern usually fades to a lighter brown or gray color near the tail, and often turns into a banding pattern or fades completely at the end of the tail. The end of the tail has a rattle on it.
There is a distinctive dark cheek-stripe on both sides of the head that starts at the eye and runs diagonally down and backwards to the jaw. This stripe is outlined on both sides by cream-colored stripes. On the tip of the nose of the Eastern Diamondback Rattlesnake are two small, cream stripes that start between the nostrils and run down the nose to just underneath the chin. The underside of the body is typically dark tan to brown in color.
The Eastern Diamondback Rattlesnake has elliptical pupils that look like cat's eyes and like all pit vipers, has a heat-sensing pit between the nostril and eye on each side of its head. The Eastern Diamondback Rattlesnake has a large, triangular head that is wider than the neck when viewed from above."
"Eastern Diamondback Rattlesnake"	"Distribution"	"In the United States, the Eastern Diamondback Rattlesnake is found in the southeastern states of Alabama, Florida, Georgia, Louisiana, Mississippi, North Carolina, and South Carolina."
"Eastern Diamondback Rattlesnake"	"state"	"Alabama,Florida,Georgia,Louisiana,Mississippi,North Carolina,South Carolina"
"Eastern Massasauga"	"Class"	"Animals"
"Eastern Massasauga"	"Category"	"Snake"
"Eastern Massasauga"	"Scientific_name"	"Sistrurus catenatus catenatus"
"Eastern Massasauga"	"Size"	"The average size of a mature Eastern Massasauga is 1.5 - 2.5 feet in length. The largest one ever recorded is 39.5 inches."
"Eastern Massasauga"	"Description"	"The Eastern Massasauga is a heavy-bodied snake. The body of the snake is brown or grey. The snake is marked by dark brown or black blotches along its spine, and two or three rows of dark brown or black blotches on its sides. The blotches are sometimes outlined in white and often form into crossbands near the tail. The belly of the Eastern Massasauga is mostly black with scattered white or yellow markings. The end of the tail has a rattle on it.
There is a cheek-stripe on both sides of the head that starts at the eye and runs diagonally down and backwards to the jaw. The top of the head is marked by two stripes that continue on to the neck.
The Eastern Massasauga is categorized as one of several primitive rattlesnakes in the genus Sistrurus. Unlike other rattlesnakes, these rattlesnakes have 9 enlarged scales on the top of their head.
The Eastern Massasauga has elliptical pupils that look like cat's eyes and like all pit vipers, has a heat-sensing pit between the nostril and eye on each side of its head. The Eastern Massasauga has a large, triangular head that is wider than the neck when viewed from above."
"Eastern Massasauga"	"Distribution"	"In the United States, the Eastern Massasauga is found in Illinois, Indiana, Iowa, Michigan, Missouri, New York, Ohio, Pennsylvania, and Wisconsin."
"Eastern Massasauga"	"state"	"Illinois,Indiana,Iowa,Michigan,Missouri,New York,Ohio,Pennsylvania,Wisconsin"
"Elderberry"	"Class"	"Plants"
"Elderberry"	"Category"	"Plants"
"Elderberry"	"Scientific_name"	"Sambucus canadensis"
"Elderberry"	"Description"	"Elderberry plants are a woody shrub growing about 20 feet tall. The stems are filled with a white pith, and the leaves are opposite, pinnately compound, with lance-shaped serrated leaflets. The flowers are in small flat-topped clusters. Each flowers has about five white petals, and are about 4-6 mm in diameter. Elderberry plants also have drooping clusters of dark purple berries."
"Elderberry"	"Clinical_Signs"	"An increased heart rate. Increased respiratory rate, panting, open-mouthed breathing, and extreme difficulty breathing. The mucous membranes are bright red. Death results rapidly from asphyxiation. "
"Elderberry"	"Toxic_Principle"	"Cyanogenic glycoside sambunigrin which is hydrolysed in the rumen by microorganisms to free hydrogen cyanide (HCN). The cyanide blocks the action of cytochrome oxidase that prevents hemoglobin from releasing oxygen to the tissues.."
"Elderberry"	"Conditions_of_Poisoning"	"All parts of the plant are poisonous to consume, especially if wilted or in regrowth. Some cases of poisoning in humans occur from using the plant as an herbal medication. Toxicity is largely lost when the berries of the plant are cooked or fermented to make foods like jelly or wine."
"Elderberry"	"Animals_Affected"	"Humans, cattle, sheep, goats"
"Elderberry"	"Distribution"	"Elderberry can be found throughout the continental United States, but is more common in the eastern to central states. It prefers moist soils and is frequently found in fields, ditches, and wooded areas. It is also cultivated as an ornamental plant or for use as an ingredient in food or as an herbal medicine."
"Elderberry"	"state"	""
"Elderberry"	"References_Used"	"Burrows, George E., & Tyrl, Ronald J. (2013). Toxic plants of North America. Hoboken: Wiley-Blackwell."
"Ergot"	"Class"	"Plants"
"Ergot"	"Category"	"Plants"
"Ergot"	"Scientific_name"	"Claviceps purpurea"
"Ergot"	"Description"	"Ergot is a fungus that lives as a parasite in the blossoms of grasses. When the grass heads are nearly mature, it appears as jumbo grains protruding from the heads. Ergot grains, which are fungus bodies and not seeds, are several to many times the size of the grass seed. They are dark violet to almost black and are curved, hard, and hornlike. Ergot varies in abundance from year to year."
"Ergot"	"Clinical_Signs"	"Ergot poisoning, often called ergotism, produces two distinct types of clinical signs. Acute poisoning, which results from eating a large amount of ergot at one time, causes muscular trembling, discoordination, convulsions, and painful contraction of the muscles. In fatal cases the animal becomes delirious.
The gangrenous type of poisoning, which follows continued feeding on smaller amounts of ergot, causes the animal to become dull and depressed and to develop gangrene of the tail, feet, ears, or teats. Gangrene may vary from rather simple sores around the coronary band or top of the hoof, in the space between the claws, or on the teats to a loosening of the hoof or the sloughing of a larger part of a limb or of the tail, ears, or teats. Before sloughing occurs, a well-marked line of division can be seen between the healthy and gangrenous tissue, similar to the type of lesion that has been observed in selenium poisoning in such western states as Kansas, Nebraska, and Wyoming.
Nausea, vomiting, colic, and diarrhea may occur in both types of poisoning. Even when none of the above signs of ergotism are apparent, the presence of ergot in feed should be suspected whenever pregnant animals have an otherwise inexplicable tendency to abort."
"Ergot"	"Toxic_Principle"	"The toxic action of ergot is due to the numerous alkaloids (ergotamine, ergocristine, ergonovine, etc.) present in the sclerotia and other components--choline, ACH, histamine, sterols. Over 40 alkaloids have been identified which are derivatives of lysergic acid, some of which are inactive.
The important naturally occurring alkaloids are ergotamine and ergonovine. Of these, ergonovine is more readily absorbed. Both compounds are potent smooth muscle activators. LSD is also derived from ergot, and the smooth muscle contracting activity, although sometimes present, is not always seen. LSD causes depersonalization or hallucinations and may produce toxic psychosis."
"Ergot"	"Conditions_of_Poisoning"	"Animals get ergot either in the grain fed them or by grazing on infected grass. Obtained in either way, ergot may cause acute poisoning if a large quantity is eaten at one time. Also, because the effect of ergot is cumulative, poisoning may develop slowly if lesser quantities are eaten regularly. Experiments have shown, however, that a small amount of ergot is not injurious to dairy cattle that are amply provided with a balanced ration."
"Ergot"	"Control"	"Do not feed grain or hay that contains ergot. Clean contaminated grain before feeding it. Destroy infested hay. Before planting rye, clean the seed thoroughly either by mechanical means or by immersing it in a 25% salt solution. If using the salt solution, skim off ergots as they rise to the top; then wash the rye seed in water to remove the salt; dry, and plant. If wild grasses are infested, burn them to destroy the ergot.
Besides attacking many kinds of wild grasses, ergot is frequently abundant on rye in rye-fields and on volunteer rye in wheat-fields. Grain from these fields (or screenings used as feed) is very likely to cause poisoning. If there is much ergot in the grain, its effect can be very severe."
"Ergot"	"Animals_Affected"	"All animals and humans are susceptible to ergotism, but cattle are often the most affected."
"Ergot"	"Distribution"	"Ergot is well known as a disease of rye. It also attacks many of the wild grasses that grow along roads, in fence rows, woods, meadows, and pastures, and can often be found on wild rye, quack grass, red top, and bromegrass. It occurs throughout Illinois, being more abundant in some years than in others. "
"Ergot"	"state"	"Illinois"
"Ergot"	"References_Used"	"https://beef.unl.edu/cattleproduction/ergot-poisoning-in-cattle"
"Fireweed"	"Class"	"Plants"
"Fireweed"	"Category"	"Plants"
"Fireweed"	"Scientific_name"	"Kochia scoparia Schrad"
"Fireweed"	"Description"	"Fireweed is known by many names including Summer Cypress, Burning Bush, and Mexican Fireweed. Fireweed can be grown in dry drought conditions. In ideal conditions, it grows to six feet high. The plant's stems have many branches with soft, fluffy leaves. The flowers are green and unnoticeable, growing in the axils of the upper leaves. The veins of the leaves, as well as mature stems, are typically red. The stems change to bright red in the fall. "
"Fireweed"	"Clinical_Signs"	"Livestock will show different symptoms of Fireweed poisoning depending on the biological system affected. Commons symptoms are difficulty breathing, blindness, depression, kidney failure, and liver disease. In cases of severe nitrate poisoning, livestock can die. "
"Fireweed"	"Toxic_Principle"	"Toxicity of the plant can change depending on growing conditions; more mature plants or plants growing in extreme drought can be more toxic to animals. In general, Fireweed can produce nitrates, sulfates, saponins, and alkaloids. "
"Fireweed"	"Conditions_of_Poisoning"	"Fireweed can affect many biological systems of livestock, including the cardiovascular system, respiratory system, nervous system, renal system, integumentary system, ocular system, and hepatic system. Immature Fireweed is often used in livestock's feed because it has a similar composition to alfalfa. When consumed in large quantities, mature Fireweed can cause nitrate poisoning. "
"Fireweed"	"Control"	"Individuals should contact their local agriculture extension specialist or county weed specialist for guidance in the best practice for managing Fireweed in their area.  Herbicides tend to be less effective as Fireweed matures; their general effectiveness depends on the size of the dose used and the age of the plant. "
"Fireweed"	"Animals_Affected"	"Sheep, horses, cattle"
"Fireweed"	"Distribution"	"Fireweed is found throughout the western and northern United States, as well as in much of Canada. It is common along roadsides, the edges of fields, and the edges of waste areas."
"Fireweed"	"state"	""
"Fireweed"	"References_Used"	"https://plants.usda.gov/plantguide/pdf/pg_kosc.pdf
https://csuvth.colostate.edu/poisonous_plants/Plants/Details/84"
"Florida Cottonmouth"	"Class"	"Animals"
"Florida Cottonmouth"	"Category"	"Snake"
"Florida Cottonmouth"	"Scientific_name"	"Agkistrodon piscivorus conanti"
"Florida Cottonmouth"	"Size"	"The average size of a mature Florida Cottonmouth is approximately 3 feet in length. Some may grow to 4 or 5 feet in length, and on rare occasion may exceed 5.5 feet. The largest recorded Florida Cottonmouth was 74.5 inches."
"Florida Cottonmouth"	"Description"	"The Florida Cottonmouth, often called a Water Moccasin, is a heavy, thick-bodied snake. It is dark olive, brown, or black in color and usually has dark brown bands around the back and sides. These bands usually have serrated, saw-like edges. The bands are often difficult to see, and the snake's body may appears to be completely black. There is a distinctive dark stripe on both sides of the head that starts at the eye and runs backwards along the head. This stripe is outlined on top by a cream-colored pinstripe, and has a contrasting light cream color below it. On the tip of the nose of the Florida Cottonmouth, are two small, dark stripes that start between the nostrils and run down the nose to just underneath the chin. The underside of the body is typically yellowish-white to a dark tan in color with dark blotches on it.
The Florida Cottonmouth has elliptical pupils that look like cat's eyes and like all pit vipers, has a heat sensing-pit between the nostril and eye on each side of its head. The Florida Cottonmouth has a large, triangular head that is wider than the neck when viewed from above.
Young Florida Cottonmouths are brightly patterned and the tip of the tail on young Florida Cottonmouths is yellow or green. The yellow/green tail is used to attract food. It is wiggled in a motion imitating a worm or caterpillar, which attract frogs, lizards, or other prey that the young Florida Cottonmouth eats."
"Florida Cottonmouth"	"Distribution"	"In the United States, the Florida Cottonmouth is found in the southeastern states of Alabama, Florida, Georgia, and South Carolina."
"Florida Cottonmouth"	"Notes"	"The Florida Cottonmouth is typically found around freshwater such as lakes, ponds, rivers, and swamps. Along with the Eastern Cottonmouth and Western Cottonmouth, it is one of only three venomous water snakes in North America.
When disturbed or threatened, the Florida Cottonmouth with often coil up it's body, open its mouth wide, and show the white inside of its mouth as a defensive warning. The inside of the mouth looks like white cotton, which is where the cottonmouth gets its name. This defensive posture is often called gaping. One interesting fact about this display is that the fangs are typically not erect and showing, but remain retracted. This is a great example of the fact that the Cottonmouth has voluntary control over whether the fangs are erect or not when its mouth is opened.
The Florida Cottonmouth is often thought of as an aggressive snake. This is partly due to the fact that they will often stand their ground, showing their defensive posture, rather than retreat. Truth is, they bite out of defense when they feel trapped or cornered, and are not an aggressive snake that will chase someone down.
Many people wrongly assume that any dark-colored snake near the water is a Cottonmouth. There are many different kinds of water snakes that live in the same areas as the Florida Cottonmouth. There are ways to tell them apart. The Cottonmouth has elliptical pupils, which look like cat-eyes, whereas the other water snakes have round pupils. The Cottonmouth has heat-sensing pits between its eyes and nostrils, like all pit vipers. The other water snakes do not have heat-sensing pits. When the head is viewed from above, the eyes of the Cottonmouth cannot be seen, whereas the eyes of the water snake can be. The Florida Cottonmouth swims with its head well out of the water, whereas water snakes swim with their heads in the water. The dark stripe, running from the eyes back along the sides of the head, can also help identify a Florida Cottonmouth."
"Florida Cottonmouth"	"state"	"Alabama,Florida,Georgia,South Carolina"
"Foxglove"	"Class"	"Plants"
"Foxglove"	"Category"	"Plants"
"Foxglove"	"Scientific_name"	"Digitalis purpurea "
"Foxglove"	"Description"	"Foxglove is an erect herb found as a weed or as a cultivated ornamental grown in gardens. It typically grows up to approximately 5 feet tall. The leaves are alternate and the flowers are showy, pink, and bell-shaped. Flowers grow terminally on the stem on elongated racemes.
Parts that are deadly/not deadly: all of the parts a deadly like the leaves, flowers, stems, and seeds they contain potent cardiac glycosides, primarily digitoxin, which dramatically affect the heart, causing irregular rhythms, slowing the pulse, and potentially leading to cardiac arrest, with even small amounts being fatal, making it dangerous if eaten, or even if sap touches skin or pollen is inhaled."
"Foxglove"	"Clinical_Signs"	"Symptoms of poisoning include dizziness, vomiting, diarrhea (possibly bloody), irregular heart beat, weakness, stupor, and delirium or hallucinations. Poisoning can be fatal.
Some symptoms that you will have include: Irregular heartbeat like fast or slow, low blood pressure, collapse, in serious cases cardiac arrest, nausea, diarrhea, stomach pain, and not wanting to eat."
"Foxglove"	"Toxic_Principle"	"Cardiac glycosides such as digoxin, digitonin, and digitoxin are in all parts of the plant. "
"Foxglove"	"Conditions_of_Poisoning"	"Poisoning occurs when the plant is eaten. Livestock are infrequently poisoned, but will eat the plant occasionally either fresh or in hay. The plant remains toxic when dried."
"Foxglove"	"Control"	"Do not allow animals to graze in areas where foxglove is present. The plant can be removed by pulling it from the ground, although you should be careful to remove all roots and to not shake seeds onto the surrounding soil. Use a waste bag to hold the removed plants to further contain the seeds. Process may take multiple seasons to remove all traces of foxglove from the area."
"Foxglove"	"Treatment"	"What to do is you get poisoned: Seek immediate medical help. DO NOT make a person throw up unless told to do so by poison control or a health care provider. Person's age, weight, and condition, name of the plant or medicine, if known, time it was swallowed, and amount swallowed."
"Foxglove"	"Animals_Affected"	"All animals and humans are susceptible to varying degrees."
"Foxglove"	"Distribution"	"Foxglove currently grows in the northwest states of the United States. It prefers rich soils and commonly grows along roadsides, fences, in open clearings in the woods, and in unused areas."
"Foxglove"	"state"	""
"Foxglove"	"References_Used"	"Burrows, George E., & Tyrl, Ronald J. (2013). Toxic plants of North America. Hoboken: Wiley-Blackwell."
"Geography Cone"	"Class"	"Animals"
"Geography Cone"	"Category"	"Snail"
"Geography Cone"	"Clinical_Signs"	"initial pain and numbness at the site, followed by potential systemic effects like blurred vision, muscle paralysis, difficulty speaking, and respiratory failure, leading to coma and death"
"Geography Cone"	"Treatment"	"Immobilize the limb, apply hot water, and seek medical help immediately."
"Geography Cone"	"Notes"	"This snail can lead to death."
"German Shepherd"	"Class"	"Animals"
"German Shepherd"	"Category"	"Dogs"
"German Shepherd"	"Clinical_Signs"	"Redness and Swelling, Bruising, and Numbness or Tingling.
Pasteurellosis, Rabies, Capnocytophaga"
"German Shepherd"	"Treatment"	"Immediate first aid and seek professional medical attention."
"German Shepherd"	"Notes"	"Also one of the most dangerous dogs."
"Giant Freshwater Stingray"	"Class"	"Animals"
"Giant Freshwater Stingray"	"Category"	"Stingray"
"Giant Freshwater Stingray"	"Clinical_Signs"	"immediate, intense local pain, which can be followed by bleeding, redness, and swelling. Systemic symptoms can include nausea, vomiting, weakness, dizziness, and muscle cramps."
"Giant Freshwater Stingray"	"Treatment"	"Exit the water, Control the bleeding, and Immerse the wound in hot water"
"Giant Freshwater Stingray"	"Notes"	"It's very Deadly."
"Grand Canyon Rattlesnake"	"Class"	"Animals"
"Grand Canyon Rattlesnake"	"Category"	"Snake"
"Grand Canyon Rattlesnake"	"Scientific_name"	"Crotalus oreganus abyssus"
"Grand Canyon Rattlesnake"	"Distribution"	"In the United States, the Grand Canyon Rattlesnake is found only in Arizona."
"Grand Canyon Rattlesnake"	"state"	"Arizona"
"Grand Canyon Recluse"	"Class"	"Bugs"
"Grand Canyon Recluse"	"Category"	"Spider"
"Grand Canyon Recluse"	"Scientific_name"	"Loxosceles kaiba"
"Grand Canyon Recluse"	"state"	"Arizona"
"Great Basin Rattlesnake"	"Class"	"Animals"
"Great Basin Rattlesnake"	"Category"	"Snake"
"Great Basin Rattlesnake"	"Scientific_name"	"Crotalus oreganus lutosus"
"Great Basin Rattlesnake"	"Distribution"	"In the United States, the Great Basin Rattlesnake is found in Arizona, California, Idaho, Nevada, Oregon, and Utah."
"Great Basin Rattlesnake"	"state"	"Arizona,California,Idaho,Nevada,Oregon,Utah"
"Ground Ivy"	"Class"	"Plants"
"Ground Ivy"	"Category"	"Plants"
"Ground Ivy"	"Scientific_name"	"Glechoma hederacea"
"Ground Ivy"	"Description"	"Ground ivy is a low, prostrate perennial herb with slender 4-sided stems that hug the ground, root at their joints, and often cover areas of many square feet. Its leaves, two at a joint, are raised on slender stalks. They are roundish and have scallop-like teeth on their margins. Its small bluish flowers, found in the axils of the leaves, appear from April to May and even into July."
"Ground Ivy"	"Clinical_Signs"	"After having eaten large amounts of ground ivy, poisoned animals, especially horses, slobber and sweat, and the pupils of their eyes become dilated. They pant for breath as if from overstimulation. Such poisoning is rarely fatal."
"Ground Ivy"	"Toxic_Principle"	"Like other members of the mint family, ground ivy contains a volatile, aromatic oil. It also contains a bitter substance of unknown chemical constitution. It is collected as a drug plant and is used medicinally in small amounts as a stimulant and tonic. "
"Ground Ivy"	"Conditions_of_Poisoning"	"Ground-ivy poisoning is rare, probably because most animals do not like the bitter taste of the plant. Horses, the animals usually affected, are poisoned only after eating large quantities of the plant, either green or dried in hay."
"Ground Ivy"	"Control"	"Reasonable care should be taken not to graze animals in areas that are heavily infested with ground ivy, particularly at times when other herbage is dry or scarce. Neither should hay be made in meadows where the plant is abundant. Ground ivy should be regarded as a weed and destroyed in all places where it is a danger to animals. It is easily destroyed by cultivation."
"Ground Ivy"	"Animals_Affected"	"Horses"
"Ground Ivy"	"Distribution"	"Ground ivy, sometimes called Creeping Charlie, is a common weed of moist shaded places and is to be found in fence rows, about farmsteads, and in woodland pastures, gardens, and wastelands. It is also frequent near streams and ditches. A native of Europe, it has become a common plant throughout Illinois. "
"Ground Ivy"	"state"	"Illinois"
"Hemp"	"Class"	"Plants"
"Hemp"	"Category"	"Plants"
"Hemp"	"Scientific_name"	"Cannabis sativa"
"Hemp"	"Description"	"Hemp is a rough, odorous herb with few or no branches and angular stems that are covered in short, stiff hairs. Resources differ regarding the size of the plant, but the reported range can be from 3-12 feet tall. Lower leaves are opposite and upper leaves are alternate, and the leaves are long-stalked and palmately divided into 3-7 toothed leaflets. Flowers are small and green."
"Hemp"	"Clinical_Signs"	"Prolonged depression, vomiting, incoordination, sleepiness or excitation, hypersalivaton, dilated pupils, blurred vision, low blood pressure, low body temperature, seizure, coma, death (rare). Consumption of the plant may also affect the flavor and odor of the milk produced by the poisoned animal."
"Hemp"	"Toxic_Principle"	"Resins, including Delta-9-THC (tetrahydrocannabinol) and cannabidiol."
"Hemp"	"Conditions_of_Poisoning"	"Poisoning commonly occurs when large quantities of the plant are ingested. All parts of the plant are poisonous, but the greatest toxicity is found in the flower stalks. Poisoning symptoms can also occur from inhalation of the plant."
"Hemp"	"Control"	"Mammalian herbivores avoid browsing hemp when other plants are available, so be sure that animals grazing in areas infested with hemp have plentiful options for food."
"Hemp"	"Animals_Affected"	"Dogs, cats, horses"
"Hemp"	"Distribution"	"Hemp occurs in most areas of the United States, particularly where it was originally grown for its fiber. Habitats include borders of floodplain woodlands, borders of low-lying fields, weedy meadows along rivers, fence rows, and roadside ditches."
"Hemp"	"state"	""
"Hemp"	"References_Used"	"https://plants.ces.ncsu.edu/plants/all/cannabis-sativa/
https://www.aspca.org/pet-care/animal-poison-control/toxic-and-non-toxic-plants/indian-hemp-0
Knight, A. P., & Walter, R. G. (2001). A guide to plant poisoning of animals in North America. Jackson, Wyo.: Teton NewMedia."
"Hobo Spider"	"Class"	"Bugs"
"Hobo Spider"	"Category"	"Spider"
"Hobo Spider"	"Scientific_name"	"Tegenaria agrestis"
"Hobo Spider"	"Other_name"	"Aggressive House Spider"
"Hobo Spider"	"Size"	"The average size of a mature Hobo Spider is approximately 1/2 to 3/4 of an inch, with a leg span of 1.5 inches."
"Hobo Spider"	"Description"	"The Hobo Spider is brown, with darker chevron markings on the back of its abdomen. The ends of the pedipalps on the male are swollen and look like small boxing gloves. The female does not have the swollen ends of the pedipalps, but generally has a larger abdomen."
"Hobo Spider"	"Distribution"	"The Hobo Spider is found in the northwestern United States in Idaho, Montana, Oregon, Utah, Washington, and Wyoming. Outside of the United States, the Hobo Spider is found in southwestern Canada, Europe, and Western and Central Asia."
"Hobo Spider"	"Notes"	"The Hobo Spider is a fast runner. It is often called the Aggressive House Spider, which is not really an accurate description, as the spider is not truly aggressive. It will however, bite readily if it feels trapped or threatened. The Hobo Spider is nocturnal, which means it is active during the nighttime.
The Hobo Spider has been known to have a necrotic bite. This means that the bite causes severe damage to the skin and surrounding tissue, resulting in a large open sore, called a necrotic lesion, that takes a long time to heal. In some cases, systemic effects (i.e. headaches or nausea) have been reported as well. The most notorious spider with a necrotic bite is the Brown Recluse. The bite of the Hobo Spider has often been misdiagnosed as a Brown Recluse bite in the Pacific northwest, where Brown Recluse spiders are not present."
"Hobo Spider"	"state"	"Alaska,Idaho,Montana,Oregon,Utah,Washington,Wyoming"
"Honey Bees"	"Class"	"Bugs"
"Honey Bees"	"Category"	"Bees"
"Honey Bees"	"Clinical_Signs"	"Look of the sting: A honey bee can sting only once and the stinger with the venom sac is detached from the bee's body. The venom sac continues to pump venom through the sting into the wound. This is why it is important to remove the stinger as quickly as possible to decrease the dose of venom injected.
Feeling of the sting: There are a wide range of reactions to honey bee venom. A normal healthy reaction may include swelling or redness in the general area where stung, and a feeling of heat or itchiness. Swelling can sometimes be severe
Severe reactions can lead to anaphylactic shock, a life-threatening series of symptoms including swelling of the throat and difficulty breathing."
"Honey Bees"	"Treatment"	"Cure: hydrocortisone creams, which can help reduce redness, itching, swelling, and pain
oral antihistamines, which can help reduce itching and redness
pain relievers and anti-inflammatories, which can reduce pain and swelling"
"Hopi Rattlesnake"	"Class"	"Animals"
"Hopi Rattlesnake"	"Category"	"Snake"
"Hopi Rattlesnake"	"Scientific_name"	"Crotalus viridis nuntius"
"Hopi Rattlesnake"	"Distribution"	"In the United States, the Hopi Rattlesnake is found only in Arizona."
"Hopi Rattlesnake"	"state"	"Arizona"
"Hornet"	"Class"	"Bugs"
"Hornet"	"Category"	"Bees"
"Hornet"	"Clinical_Signs"	"Look of sting: A mosquito bite that has a hole in the middle
a raised, reddish area where the sting occurred
warmth near the sting
pain near the sting
itching
bleeding
swelling of the skin or in the throat
flushed skin
coughing
breathing difficulty
chest tightness
wheezing
nausea
vomiting
sweating
shock"
"Hornet"	"Treatment"	"Cure: Make sure to clean the affected area with soap and water.
Apply a cold compress to the site of the sting to dull pain and reduce swelling.
If stung on your arm or leg, elevate it to reduce swelling."
"Horse Nettle"	"Class"	"Plants"
"Horse Nettle"	"Category"	"Plants"
"Horse Nettle"	"Scientific_name"	"Solanum carolinense"
"Horse Nettle"	"Other_name"	"Bull Nettle"
"Horse Nettle"	"Description"	"Horse Nettle grows to be about 1-2 feet tall, and has yellow spines on the stems and leaves. Both the leaves and flowers are simple, alternate, oblong, and irregularly lobed. The flowers are in clusters at the top of the plant, ranging from pale violet to white in color. The berries are about 1-1.5cm in diameter and are yellow when they're ripe. Flowers appear in June to August, are light purple to white, 3/4 to 1 inch across, and in short racemes near the top of the plant. Petals are united with 5 points at the margin. Fruits are globose, about 1/2 inch in diameter and yellow when mature. Yellow or brownish seeds are numerous, and irregularly circular, about 1/8 inch across. "
"Horse Nettle"	"Clinical_Signs"	"Nausea, vomiting, salivation, drowsiness, abdominal pain, diarrhea, weakness, respiratory depression; may be fatal."
"Horse Nettle"	"Toxic_Principle"	"Tropane alkaloids, especially solanine, which has similar effects as atropine on the autonomic nervous system. Also directly irritating to the oral and gastric mucosa. Green plant and unripe fruits are the most toxic. Toxicity is reduced by drying."
"Horse Nettle"	"Conditions_of_Poisoning"	"Poisoning occurs primarily when animals are confined in overgrazed fields or where nightshade is abundant. The hazard of poisoning varies depending on the plant species, maturity of plants, and other conditions. Generally, the leaves and green fruits are toxic. Ingestion of juice from wilted leaves may be especially toxic and sometimes deadly. Many cases of poisoning have been reported as a result of eating green berries. Green berries have produced severe intestinal, oral and esophageal lesions in sheep. Cattle reportedly seek out the berries of Solanum species and will eat the green plant, specially when other green forage is unavailable."
"Horse Nettle"	"Control"	"Animals should be kept away from fields with heavy infestation of nightshade. Plants should be mowed or pulled up while in flower, and burned. Remove green parts of potatoes before cooking, eat only ripe tubers."
"Horse Nettle"	"Animals_Affected"	"Horse, cattle, goats, sheep, pigs, rabbits"
"Horse Nettle"	"Distribution"	"Horse Nettle is found throughout the Southern United States, as well as parts of the Midwest and Northeastern states. In particular, it is a perennial weed of disturbed soils and unused areas along roads and field edges, especially of the southern States. It is a common weed in all counties of Illinois."
"Horse Nettle"	"state"	"Illinois"
"Horse Nettle"	"References_Used"	"https://plants.ces.ncsu.edu/plants/all/solanum-carolinense/"
"Horsetails"	"Class"	"Plants"
"Horsetails"	"Category"	"Plants"
"Horsetails"	"Scientific_name"	"Equisetum arvense"
"Horsetails"	"Description"	"Herbaceous, perennial, leafless plants with hollow stems that readily separate at the nodes. The leaves are reduced to papery scales with black tips that surround the stems at each node. The stems are cylindrical, ridged and rough to the touch owing to the high silicate content. There are two types of stem, fertile and infertile. Fertile stems are unbranched, and are tipped by a cone-like structure containing spores. Infertile stems have multiple whorled branches at the nodes. The plant reproduces from a deeply buried rhizome and from terminal spore bearing cones. (Colorado State University's Veterinary Teaching Hospital's Guide to Poisonous Plants)"
"Horsetails"	"Clinical_Signs"	"Initial weight loss followed several weeks later by incoordination of the hind legs. Diarrhea may also occur before the onset of weight loss and incoordination. Affected animals become progressively weaker and eventually recumbent, and staggers and tremors may be seen. Serum pyruvate levels increase while thiamin levels are depleted. Once horses are down and cannot get up, they usually die within 1 to 2 weeks. Cattle poisoned with horsetail generally show weight loss, decreased milk production, diarrhea, and hyperexcitability."
"Horsetails"	"Toxic_Principle"	"Thiaminase is the suspected toxin. Also contains aconitic acid and polustrine, and silicates. All species of Equisetum should be considered potentially toxic to animals until proven otherwise. "
"Horsetails"	"Conditions_of_Poisoning"	"Plants are toxic at all stages and remain toxic when in hay. Young horses are most susceptible to Equisetum poisoning. Plant is rarely eaten except when dried in hay. Hays containing 20% horsetail or bracken fern will result in thiamin-deficiency symptoms in 2-5 weeks."
"Horsetails"	"Control"	"Animals suspected of being poisoned by horsetail varieties should be taken off of hay or pasture containing the plant and fed a nutritious diet that includes cereal grains rich in thiamine. Treatment with a large dose of thiamine hydrochloride (3-5 mg per kg of body weight) intravenously followed by several days of thiamine intramuscularly (1-2 mg per kg of body weight) provides rapid recovery and restores thiamine levels to normal."
"Horsetails"	"Animals_Affected"	"Horses, cattle, sheep"
"Horsetails"	"Distribution"	"Horsetail is a weed that grows in sandy soils in fields, ditches along roads, and along the banks of rivers. There are six species growing in North America, and they tend to prefer cooler, moist growing conditions. "
"Horsetails"	"state"	""
"Horsetails"	"References_Used"	"Knight, A. P., & Walter, R. G. (2001). A guide to plant poisoning of animals in North America. Jackson, Wyo.: Teton NewMedia."
"Human Botfly"	"Class"	"Bugs"
"Human Botfly"	"Category"	"Other Bugs"
"Human Botfly"	"Clinical_Signs"	"Look of bite: Once the larva gets in, a sore develops which as a small pimple and evolves into what looks like a boil. There may be some pain associated with it. There is usually only one larva per 'boil', but many travellers have several boils as they catch a few at a time.
Feeling of bite: These flies lay eggs on the skin, and when the larvae hatch, they burrow under the surface and begin to develop. The main symptoms of a botfly infestation include itching, swelling, a foul odor, and even a sensation of movement under the skin."
"Human Botfly"	"Treatment"	"Cure: Is there treatment for a bot fly infestation? The larvae need to be surgically removed by a medical professional. Typically, the wound is cleaned daily after the larvae are removed. Proper hygiene of wounds is very important when treating myiasis."
"Hyacinth"	"Class"	"Plants"
"Hyacinth"	"Category"	"Plants"
"Hyacinth"	"Scientific_name"	"Hyacinth orientalis, Hyacinth blossoms"
"Hyacinth"	"Other_name"	"Hyacinth blossoms"
"Hyacinth"	"Description"	"Hyacinth is one of all the early spring blooming flowers most favored by home gardeners. It is a bulbous herb
Hyancinth Bulbsof the lily family with its origin in the Mediterranean region and cultivated in many color varieties. Green leaves, 7-8 per bulb, all arising from the ground level, are fleshy, glossy, narrow with smooth margins, 4-12 inches long and about 3/4 inches wide without marginal teeth. Flowers, borne in a dense raceme on a 6-8 inch long stem, are bell-shaped, and eventually open into 6 reflexed tepals. The flower is most well known for its fragrance. Fruits are globose and have 3 divisions. The bulb is 1-1/2 to 2 inches in diameter, light purple or cream colored, and covered with dry skin-like layers."
"Hyacinth"	"Clinical_Signs"	"Hyacinth poisoning is very rare. Clinical signs usually include digestive tract disorders such as colic, vomiting and diarrhea. Skin irritation from contact is possible, although usually minor. Allergic asthma and nasal irritation in susceptible individuals."
"Hyacinth"	"Toxic_Principle"	"Contains calcium oxalate raphides in what appears to be ejector cells (similar to Araceae plants) and alkaloids such as lycorine. Both bulbs and plants may be irritating to the skin and gastrointestinal tract."
"Hyacinth"	"Conditions_of_Poisoning"	"The poisonous principle is concentrated in the bulb. Ingesting only a small amount of the bulb may cause stomach upset. Keep the bulbs out of the reach of animals, particularly dogs, cattle, and pigs. Other plant parts are also poisonous, but are less concentrated than in the bulb."
"Hyacinth"	"Animals_Affected"	"Dogs, cattle, pigs, cats, horses"
"Hyacinth"	"Distribution"	"Hyacinths are often potted and grown inside or grown outdoors in gardens."
"Hyacinth"	"state"	""
"Hyacinth"	"References_Used"	"https://plants.ces.ncsu.edu/plants/all/hyacinthus-orientalis/"
"Hydrangea"	"Class"	"Plants"
"Hydrangea"	"Category"	"Plants"
"Hydrangea"	"Scientific_name"	"Hydrangea spp."
"Hydrangea"	"Other_name"	"Pink Hydrangea blossom"
"Hydrangea"	"Description"	"The cultivated species, Hydrangea macrophylla Ser. (= H. hortensis), is a deciduous shrub which can reach nearly 6 feet. The common cultivated species is grown widely in gardens and as potted plants. The flowers among the cultivated species include white, pink, mauve, bluish purple, to blue. The forms of the flower clusters and the leaves of the cultivated species are similar to those of the cold-hardy wild species (H. arborescens L.).
Wild hydrangeas, H. quercifolia Bartr. and H. arborescens L., are shrubs which reach from 3.5 to 10 feet in height. The stems are light green when new, turning light brown and woody with time. Leaves are alternate, 4-10 inches in length, dark green above, lighter or pale green on the underside. The leaves of H. quercifolia Bartr. are deeply lobed, while those of the other species (H. arborescens L.) are broadly rounded with apex tapering to a point. Flowers appear in clusters or heads, mostly with 4 petals in white or cream color, blooming from June to July. The capsular fruit is less than 1/8 inch in length and has many small, thin brown seeds."
"Hydrangea"	"Clinical_Signs"	"Affected animals may experience painful gastroenteritis, and diarrhea which may be bloody."
"Hydrangea"	"Toxic_Principle"	"May contain the cyanogenic glycoside hydrangin, but cyanide intoxication is rare and poisonings do not generally involve effects or clinical signs of typical cyanide."
"Hydrangea"	"Conditions_of_Poisoning"	"Generally poisoning is rare and only occurs after eating large quantities of the plant, but a horse was seriously poisoned after eating a single potted hydrangea."
"Hydrangea"	"Animals_Affected"	"Dogs, cats, horses"
"Hydrangea"	"Distribution"	"Though wild hydrangeas are sometimes grown as ornamental shrubs in gardens, H. arborescens L. is widely distributed in wooded areas, rarely in full sunlight, from New York to Georgia, west to Kansas and Oklahoma including the southern half of Illinois. H. quercifolia Bartr. is limited to the southeastern states and usually grows in considerable shade on river bluffs and steep banks of sinkholes."
"Hydrangea"	"state"	"Georgia,Illinois,Kansas,New York,Oklahoma"
"Indian Red Scorpion"	"Class"	"Bugs"
"Indian Red Scorpion"	"Category"	"Scorpion"
"Indian Red Scorpion"	"Clinical_Signs"	"severe local pain, numbness, and tingling, alongside systemic effects like increased heart rate, high blood pressure, sweating, drooling, muscle twitching, and restlessness."
"Indian Red Scorpion"	"Treatment"	"Seek Help Immediately, Stay Calm, Clean the Wound, Apply a Cold Compress, Elevate the Limb, Avoid Home Remedies."
"Indian Red Scorpion"	"Notes"	"This is the deadliest scorpion in the world."
"Inland Taipan"	"Class"	"Animals"
"Inland Taipan"	"Category"	"Snake"
"Inland Taipan"	"Clinical_Signs"	"Paralysis, making it hard to breath, blurred vision, internal bleeding, severe headache, nausea, and vomiting."
"Inland Taipan"	"Treatment"	"Bandage and Immobilize the bitten limb and call poison control."
"Inland Taipan"	"Notes"	"If you get bitten, you are cooked ??????"
"Ixodoidea"	"Class"	"Bugs"
"Ixodoidea"	"Category"	"Ticks"
"Ixodoidea"	"Clinical_Signs"	"Look of bite: Ticks swell and turn bluish-gray when filled with blood. Most tick bites in the United States involve hard ticks (Ixodidae), which have been increasing in number since the middle 1900s. Secretions from the tick's feeding parts can cause skin reactions, such as raised areas, lumps, and growths called granulomas.
Feeling of bite: What does a tick bite feel like? Most likely, you won't feel a tick bite because they don't usually hurt. Ticks are often very small, so you might not see it until it's been on you a few days and has grown larger. That's why it's important to check yourself when you've been in places where ticks live.
Ticks can cause paralyses, toxicoses, allergic reactions and are vectors of a broad range of viral, rickettsial, bacterial and protozoan pathogens.
The tick must be an adult or nymphal I. scapularis tick 1
The tick must have been attached for at least 36 hours 1
The local rate of infection of these ticks with B. burgdorferi must be at least 20% 1
Prophylaxis must be started within 72 hours of tick removal 1
The risk of infection from tick-borne illness increases with the time of tick attachment 1"
"Ixodoidea"	"Treatment"	"Cure: The following conditions must be met for treatment to be indicated:
Doxycycline treatment must not be contraindicated 1 Dosage and Administration
The recommended dose of doxycycline is 200 mg for adults and 4.4 mg/kg (up to a maximum dose of 200 mg) for children 1
Doxycycline is relatively contraindicated in pregnant women and children < 8 years old 1 ### Key Points
Early tick removal may prevent disease transmission 1
Persons who have removed attached ticks from themselves should be monitored closely for signs and symptoms of tickborne diseases for up to 30 days 1"
"Jack-in-the-Pulpit"	"Class"	"Plants"
"Jack-in-the-Pulpit"	"Category"	"Plants"
"Jack-in-the-Pulpit"	"Scientific_name"	"Arisaema spp."
"Jack-in-the-Pulpit"	"Description"	"Jack-in-the-pulpit is a stemless plant, 8 inches to 2 feet tall, that grows in the woods. It has one or two long-stalked, 3-parted leaves; and at the tip of its flowerstalk, which is not quite as long as the leaves, it has a peculiar flowering structure, tinted shades of green, greenish-white, and purple.
The leaves and flower stalks rise from an underground, perennial corm, hard and turnip-shaped. The fruit is a mass of brilliant red or scarlet berries, each containing 1 to 5 seeds. Emerging Jack-in-the-Pulpit"
"Jack-in-the-Pulpit"	"Clinical_Signs"	"Cattle, sheep, goats, and swine are susceptible to this poisoning, but they seldom eat enough of the plant to cause trouble. The corms would doubtless affect any animal that ate them. Eating the corms causes an intense burning and biting sensation in the mouth, throat, and stomach; large doses may cause inflammation of the stomach and intestine. Affected animals show evidence of colic, and they attempt to cool the mouth and throat with water. "
"Jack-in-the-Pulpit"	"Toxic_Principle"	"The corms of the plant contain an unidentified volatile acrid principle, calcium oxalate crystals, and possibly an alkaloid. The corms are gathered, dried, and sold by drug collectors. "
"Jack-in-the-Pulpit"	"Conditions_of_Poisoning"	"Animals, if grazed in wooded pastures in early spring when other forage is not available, may eat the root of this plant. Susceptible species are cattle, sheep, goats, and swine. Mature Fruit"
"Jack-in-the-Pulpit"	"Control"	"Cattle should not be grazed in wooded pastures at any time when jack-in-the-pulpit is one of the few green plants available. Although there is no satisfactory way of eradicating it, its numbers will be considerably lessened if it is consistently dug when seen. "
"Jack-in-the-Pulpit"	"Animals_Affected"	"Cattle, sheep, goats, swine"
"Jack-in-the-Pulpit"	"Distribution"	"Jack-in-the-pulpit is common to abundant throughout Illinois in open and dense, moist woods and may be seen also in woods clearings and occasionally in pastures and at the edges of pastures that were formerly woodland. Though commonly regarded as an early spring plant, it persists through the growing season and is conspicuous in late summer and fall by its dense clusters of red berries. "
"Jack-in-the-Pulpit"	"state"	"Illinois"
"Japanense Yew"	"Class"	"Plants"
"Japanense Yew"	"Category"	"Plants"
"Japanense Yew"	"Scientific_name"	"Taxus cuspidata Sieb & Zucc"
"Japanense Yew"	"Description"	"Japanese Yew is an evergreen shrub with dark green leaves. The leaves grow alternately, with stiff, flat and needle-like leaves. The leaves grow from 1/2 inch to 1 inch long. Japanese Yew's berries are bright red and egg-shaped. It is a very common oriental shrub across North America. The shrubs grow up to 20 feet tall."
"Japanense Yew"	"Clinical_Signs"	"There are two syndromes of Japanese Yew poisoning an animal can exhibit--Acute and Subacute. The primary symptom of Acute Syndrome is death, which usually occurs 1-3 hours after consuming the Yew. The symptoms of Subacute Syndrome include Ataxia, diarrhea, hypotension, colic, hypothermia, coma, seizures, weakness, respiratory failure, bradycardia and sudden death. Most animals usually die within 24-48 hours of consuming the yew. "
"Japanense Yew"	"Toxic_Principle"	"Japanese Yew has a wide variety of toxins, including Taxine A and Taxine B, and Oil of Yew. Both Taxins are found in all parts of the plant except the fruit. Oil of Yew is found in the Yew's sap, and is an intestinal irritant that is the cause of colic and diarrhea symptoms of yew poisoning."
"Japanense Yew"	"Conditions_of_Poisoning"	"Consuming Yew introduces several toxins into the body. All parts of the plant are toxic. The plant is toxic year-round, with a higher level of toxicity occurring at the end of the year because there's been time for the toxin to build up in the plant. Both fresh and dried yew is toxic. "
"Japanense Yew"	"Control"	"Animals should not be allowed to graze near where Japanese Yew is growing. "
"Japanense Yew"	"Animals_Affected"	"All animals"
"Japanense Yew"	"Distribution"	"Though Japanese Yew was originally imported to the United States, it is now found throughout the country because of it being cultivated in both landscape architecture and design. In particular, the plant is found in the Northwestern United States and is widespread across the East Coast and throughout the Midwest. "
"Japanense Yew"	"state"	""
"Japanense Yew"	"References_Used"	"http://poisonousplants.ansci.cornell.edu/yew.html"
"Jimsonweed"	"Class"	"Plants"
"Jimsonweed"	"Category"	"Plants"
"Jimsonweed"	"Scientific_name"	"Datura stramonium"
"Jimsonweed"	"Other_name"	"Jamestown Weed,Thorn Apple,Devil's Trumpet,Mad Apple,Stink Weed"
"Jimsonweed"	"Description"	"Jimsonweed is a stout, coarse annual herb 2 to 5 feet tall, with spreading branches. It has a pale-green stem and large, ovate, green or purplish, strong-scented leaves, coarsely toothed on their margins. Its flowers are large, white, and tubular, 2 to 4 inches long, and set on short stalks in the axils of branches. Its circular seeds, about 1/8 inch across, are contained in a hard, prickly capsule which, when ripe, splits lengthwise into four parts."
"Jimsonweed"	"Clinical_Signs"	"Early signs of poisoning include: rapid pulse, rapid breathing, dilated pupils, restlessness, nervousness, muscular twitching, polydipsia, frequent urination, diarrhea, depression, anorexia, and weight loss. In fatal cases the pulse remains rapid but weak, breathing becomes slow and irregular, body temperature becomes subnormal, urine may be retained, and convulsions or coma precede death.
In cattle: excitability, tremors, rumen atony, nervousness, bloat, tenesmus, and anorexia. Death occasionally reported.
In goats: Datura stramonium ingestion was accompanied by tachypnea, tremors, drowsiness, recumbency, and altered locomotion.
In sheep: Datura stramonium ingestion was associated with ataxia, inability to stand, tachypnea, reduced drinking and mild tremors."
"Jimsonweed"	"Toxic_Principle"	"Tropane alkaloids:
Hyoscyamine = an isomer of atropine.
Scopalamine = L-hyoscine = epoxidized hyoscyamine. "
"Jimsonweed"	"Conditions_of_Poisoning"	"All parts of the Jimsonweed are poisonous, but because of its strong odor and unpleasant taste, animals rarely eat enough of the green plant to be poisoned. Poisoning in animals occurs primarily when hungry animals are turned into a Jimsonweed-infested area where better forage is absent. Most cases of animal poisoning result from a quantity of the dried plant being fed in hay, while poisoning in chickens is due to eating of the seeds. Occasionally Jimsonweeds are accidentally included when the silo is filled. When the silage is fed to the animals poisoning occurs.
Jimsonweed is also known as Jamestown weed because of the mass poisoning of soldiers in Jamestown, Virginia in 1676. Jimsonweed poisoning is more common among humans than in animals."
"Jimsonweed"	"Control"	"Hungry animals should never be allowed to graze where there is Jimsonweed. In meadows where the plant grows, hay should not be made until after all Jimsonweeds have been removed. The custom of destroying this plant should be practiced on all farms. "
"Jimsonweed"	"Animals_Affected"	"Cattle, goats, sheep"
"Jimsonweed"	"Distribution"	"Jimsonweed is sometimes grows in cultivated fields, overgrazed pastures, and waste lots. It prefers rich soil and may be found throughout Illinois as well as other states from New England to Texas and Florida."
"Jimsonweed"	"state"	"Florida,Illinois,Texas"
"Kentucky Coffee Tree"	"Class"	"Plants"
"Kentucky Coffee Tree"	"Category"	"Plants"
"Kentucky Coffee Tree"	"Scientific_name"	"Gymnocladus dioica Koch"
"Kentucky Coffee Tree"	"Description"	"Kentucky coffee tree is a large round-barked tree belonging to the legume family and reaches heights of 60 to 100 feet. Its short trunk, 1 to 2 feet in diameter, divides into several large branches that end in contorted, stout twigs. Twice-compound leaves are arranged feather-fashion in 3-7 pairs of leaflets which are more or less ovalish without marginal teeth and 2-4 inches long. The tree is most easily identified in fall and winter for its large depressed leaf scars. The leaf which emerges late in spring is made up of a hundred or more separate oval leaflets arranged on the branches of the rib.
The flower, which blooms in May, is inconspicuous, greenish-white in terminal racemes, and has a tubular base about 1/2 inch long. Male and female flowers are found on the same tree. The fruit is a thick, flat pod, containing 4-7 flat broad seeds with a sticky pulp between them. The pulp dries at maturity and the seeds become olive-brown, 1/2 - 3/4 inches in diameter. "
"Kentucky Coffee Tree"	"Clinical_Signs"	"Clinical signs include rapid onset (within 1 hour) of intense gastrointestinal irritation, profuse diarrhea and straining, vomiting, hypertension, bradycardia, respiratory depression, muscle paralysis, and convulsions. Animals often display depression. Death usually occurs within a day after clinical signs appear."
"Kentucky Coffee Tree"	"Toxic_Principle"	"The toxic principle of this plant is uncertain. It is possibly the quinolizidine alkaloid, cytisine, which acts like nicotine."
"Kentucky Coffee Tree"	"Conditions_of_Poisoning"	"The leaves, seeds and pulp are poisonous and have affected sheep, cattle, horses, and humans. Sprouts eaten in the spring have produced toxicosis. Pods and seeds on the ground eaten in the fall or winter have produced poisoning. Leaves, young sprouts and seeds with the gelatinous material around them contain the toxin. "
"Kentucky Coffee Tree"	"Control"	"Until spring grasses and herbage are abundant, animals should not be grazed in woods where the Kentucky coffee tree grows or where it has been cut and allowed to sprout. Since there are never more than a few of these trees in any woodland, sprouts can be grubbed out periodically, and thus poisoning from them can be prevented.
The pods cling to the tree through the winter and are shed in the spring. To prevent animals from eating the fallen pods, large fruiting trees can be fenced in. Although the tree has little commercial value, it is so rare that unnecessary cutting of it is not recommended."
"Kentucky Coffee Tree"	"Animals_Affected"	"Sheep, horses, cattle"
"Kentucky Coffee Tree"	"Distribution"	"The Kentucky coffee tree grows in moist woods, creek banks, and flood plains. It is mainly found in the Midwest from western Ohio to eastern Kansas and Oklahoma, southern Michigan to northern Alabama and Tennessee. The tree was much planted around farm houses and may now be maintained as ornamentals around newer buildings."
"Kentucky Coffee Tree"	"state"	"Alabama,Kansas,Kentucky,Michigan,Ohio,Oklahoma,Tennessee"
"Killer bee"	"Class"	"Bugs"
"Killer bee"	"Category"	"Bees"
"Killer bee"	"Clinical_Signs"	"Look of sting: swollen red bumps on the skin
Feeling of sting: a sharp, hot needle prick, followed by pain and swelling around the area
Risk of sting :  flushing of the skin and difficulty breathing"
"Killer bee"	"Treatment"	"Cure : Wash the sting area with soap and water. Remove any rings in the sting area right away, before swelling gets worse. Apply to the area a cloth dampened with cold water or filled with ice. Keep it on the sting for 10 to 20 minutes."
"King Cobra"	"Class"	"Animals"
"King Cobra"	"Category"	"Snake"
"King Cobra"	"Clinical_Signs"	"Drowsiness, neurological and neuromuscular symptoms may develop early; paralysis, ventilatory failure or death often ensue rapidly.
Infections or a Allergic reaction (venom doesn’t count)"
"King Cobra"	"Treatment"	"You have to take antivenin or an antivenom cure that has to be taken in through an IV."
"King Cobra"	"Notes"	"Please don’t purposefully get bitten by this thing."
"Lamb's Quarters"	"Class"	"Plants"
"Lamb's Quarters"	"Category"	"Plants"
"Lamb's Quarters"	"Scientific_name"	"Chenopodium album"
"Lamb's Quarters"	"Description"	"Lamb's Quarters is an annual weed with branched stems. The stems have purple or red stripes or marks. The leaves alternate and are green with a grey underside. The leaves growing at the base of the stem have more of a serrated edge than the leaves towards the top of the plant do. The leaves at the top of the plant are smaller. Flowers grow at the end of the stems and are grey-green. "
"Lamb's Quarters"	"Clinical_Signs"	"Signs of nitrate poisoning include difficulty breathing and the mucous membranes of the mouth and vulva turning brown due to methemoglobin in the blood. Other symptoms are depression, weakness, tremors, weak pulse, and coma. Sudden death can occur due to respiratory failure because of methemoglobin forming. "
"Lamb's Quarters"	"Toxic_Principle"	"Lamb's Quarters is a Nitrate Accumulator. It can acquire toxic levels of nitrates if grown in rich soil or if it's fertilized like it would be if grown in cropland. It can also accumulate toxic levels of Oxalates and Sulfates. All parts of the plant are toxic. "
"Lamb's Quarters"	"Conditions_of_Poisoning"	"Animals are poisoned when they consume large quantities of Lamb's Quarters. The leaves and grains of the plant used as a food source in some areas, and can be safely consumed in limited doses."
"Lamb's Quarters"	"Animals_Affected"	"Cattle, sheep, goats"
"Lamb's Quarters"	"Distribution"	"Lamb's Quarters is found throughout North America."
"Lamb's Quarters"	"state"	""
"Lamb's Quarters"	"References_Used"	"Burrows, George E., & Tyrl, Ronald J. (2013). Toxic plants of North America. Hoboken: Wiley-Blackwell."
"Lantana"	"Class"	"Plants"
"Lantana"	"Category"	"Plants"
"Lantana"	"Scientific_name"	"Lantana camara"
"Lantana"	"Description"	"Lantana (yellow sage) is a native of tropical Americas and West Africa. In the northern states including Illinois, it is grown as a garden annual reaching 12-18 inches tall. In the south, from Florida to California, it grows as a perennial shrub of 3-6 feet tall. In the tropics, it may grow even taller. Leaves are opposite, ovate, 1-5 inches long and 1-2 inches wide, with very small rounded teeth, somewhat rough and hairy. Leaves are aromatic when crushed. Flowers are borne in dense clusters 1-2 inches across on the axils near the top of the stem. Each flower is tubular with 4 lobes flaring to about 1/4 inch, initially yellow or pink gradually changing to orange and deep red. Often, the different colored flowers are present on the same cluster. Fruit is fleshy, greenish-blue to black, and berry-like with each containing one seed."
"Lantana"	"Clinical_Signs"	"The major clinical effect of Lantana toxicosis is photosensitization, the onset of which often takes place in 1 to 2 days after consumption of a toxic dose (1% or more of animal's body weight). Jaundice is usually prominent, animals usually become inappetent, and they often exhibit decreased digestive tract motility and constipation. Other signs may include: sluggishness, weakness, and transient, sometimes bloody diarrhea. In acute cases, death occurs in 2 to 4 days. Subacute poisoning is more common and may result in death after 1 to 3 weeks of illness and weight loss. Raw photosensitized surface areas are susceptible to invasions by blowfly maggots and bacteria. In severely affected cattle, lesions may appear at the muzzle, mouth, and nostrils. Ulceration may be present in the cheeks, tongue, and gums, while swelling, hardening, peeling of mucous membranes, and deeper tissues occur in the nostrils."
"Lantana"	"Toxic_Principle"	"Lantana contains lantadene A and B (the major toxins involved in poisoning) as well as other structurally and toxicologically related pentacyclic triterpene acids, including reduced lantadene A, dihydrolantadene A, and icterogenin."
"Lantana"	"Conditions_of_Poisoning"	"Animals in pastures with sufficient forage will often avoid Lantana, perhaps because of its pungent aroma and taste, but animals unfamiliar to the plant may ingest enough to affect them. Fifty to ninety percent of animals newly exposed may be affected. Foliage and ripe berries contain the toxic substances with the toxins being in higher concentrations in the green berries."
"Lantana"	"Animals_Affected"	"Cattle, sheep, horses, dogs, cats, guinea pigs, and rabbits"
"Lantana"	"Distribution"	"Lantana is commonly found along roadsides, fence rows, and in fields in Florida and southern California where it escaped cultivation. In the northern U.S., it is strictly a garden and greenhouse annual. "
"Lantana"	"state"	"California,Florida"
"Lantana"	"References_Used"	"Ross, I. A. (1999). Medicinal plants of the world: Chemical constituents, traditional, and modern medicinal uses. Totowa, N.J.: Humana Press.
https://www.aspca.org/pet-care/animal-poison-control/toxic-and-non-toxic-plants/lantana"
"Larkspur"	"Class"	"Plants"
"Larkspur"	"Category"	"Plants"
"Larkspur"	"Scientific_name"	"Delphinium tricorne Michx"
"Larkspur"	"Description"	"Dwarf larkspur is an erect, little-branched herb 1 to 3 feet tall. Its leaves, alternately placed and slender-stalked, are deeply divided into 5 to 7 nearly separate lobes, each lobe itself again rather deeply lobed or toothed. Its stout stem ends in a flower-bearing part that carries several blue or white, spurred blossoms 1 to 1 1/2 inches long. Three short-pointed rather fragile, widely spreading pods about 1/2 inch long develop from each blossom. These pods contain numerous small, dark seeds.
The rocket larkspur (Delphinium ajacis L.), which is cultivated and sometimes escapes, may be recognized from the above general description. It is supposed, in common with all other larkspurs, to be poisonous."
"Larkspur"	"Clinical_Signs"	"Symptoms of larkspur poisoning vary according to the amount eaten and the animal's tolerance of the poison. Small amounts may cause loss of appetite, excitability, staggering, or muscular incoordination, and constipation. Severe symptoms include slobbering, nausea, vomiting, colic, bloating, and convulsive movements. Fatal poisoning brings convulsions and paralysis of the respiratory system. Autopsies reveal inflammation, or at least congestion of the windpipe, stomach and small intestine, congestion of the superficial blood vessels, and dark, extremely congested kidneys."
"Larkspur"	"Toxic_Principle"	"Although larkspurs contain several other alkaloids, the main poison is the glucoside delphinin. "
"Larkspur"	"Conditions_of_Poisoning"	"Larkspurs are among the early spring plants, blossoming in late April and May. Animals turned out to graze in woods in the spring may eat the plant, especially if other herbage is scant. Cattle are the animals most often poisoned. Horses are susceptible to the poisoning but generally avoid larkspurs. Sheep, although seemingly resistant, can be poisoned by large amounts. Fatal poisoning of an animal may result from a single day's consumption of 1 percent or less of the animal's body weight of larkspur plants."
"Larkspur"	"Control"	"Animals, especially cattle, should not be grazed in woodland pastures infested with larkspurs until there is an abundance of other herbage for them to browse. Heavily infested pastures probably should not be used until the larkspurs have been destroyed. In woods, where it is hard to use chemical weed-killers, the only way to eliminate the plant is to dig it out by the roots. "
"Larkspur"	"Animals_Affected"	"Cattle, horses, sheep, dogs, cats"
"Larkspur"	"Distribution"	"The dwarf larkspur occurs principally in the southern third of Illinois, where it is most often found in ravines and along streams in wooded sections. Northward it becomes less frequent and probably does not grow in the northernmost two or three tiers of counties.
The rocket larkspur, also, is most abundant in southern counties, where it is most often found in open woods and fallow fields."
"Larkspur"	"state"	"Illinois"
"Larkspur"	"References_Used"	"https://www.aspca.org/pet-care/animal-poison-control/toxic-and-non-toxic-plants/larkspur"
"Lily of the Valley"	"Class"	"Plants"
"Lily of the Valley"	"Category"	"Plants"
"Lily of the Valley"	"Scientific_name"	"Convallaria majalis"
"Lily of the Valley"	"Description"	"Lily of the Valley is perennial that originally grew in Europe. The leaves are oval or oblong shaped and dull green in color. The plant has an arched stem with typically 5-18 white, bell-shaped flowers growing on it. Lily of the Valley does occasionally grow small, red berries. It is a popular potted house plant."
"Lily of the Valley"	"Clinical_Signs"	"Vomiting, salivation, limited diarrhea, irregular pulse or decreased heart rate, seizures."
"Lily of the Valley"	"Toxic_Principle"	"There are 38 different cardenolides which have been identified in Lily of the Valley, with a large concentration of them found in the plant's roots. All parts of the plant, including the bulb and roots, are toxic. "
"Lily of the Valley"	"Conditions_of_Poisoning"	"Lily of the Valley is poisonous when eaten, though it's more common for children to get poisoned than for animals. There have been few reports of animals getting poisoned from consuming Lily of the Valley. "
"Lily of the Valley"	"Animals_Affected"	"All animals, people"
"Lily of the Valley"	"Distribution"	"While it is native to Europe, Lily of the Valley has been introduced in North America and has now become naturalized in some parts."
"Lily of the Valley"	"state"	""
"Lily of the Valley"	"References_Used"	"Burrows, George E., & Tyrl, Ronald J. (2013). Toxic plants of North America. Hoboken: Wiley-Blackwell."
"Lone Star Tick"	"Class"	"Bugs"
"Lone Star Tick"	"Category"	"Ticks"
"Lone Star Tick"	"Clinical_Signs"	"Look of bite: leaves a bull's eye lesion around the bite
Feeling of bite: itch, swell, turn red or be lighter or darker than the skin around it
Diseases lone star ticks spread include:
Alpha-gal syndrome (“red meat allergy”)
Bourbon virus disease
Ehrlichiosis
Heartland virus disease
Southern tick-associated rash illness (STARI), which has symptoms similar to Lyme disease
Tularemia
Many of these illnesses can be severe if not treated right away."
"Lone Star Tick"	"Treatment"	"Cure: There’s no single cure for lone star tick diseases, as they have different causes. Diseases caused by bacteria are treated with antibiotics. Those caused by viruses don’t have a specific treatment.
If your symptoms are severe, you may need to be treated in the hospital with IV (intravenous) fluids, IV antibiotics or pain medications. Getting rest, drinking fluids and taking over-the-counter medications (if recommended by your provider) can help your symptoms while you recover."
"Lupine"	"Class"	"Plants"
"Lupine"	"Category"	"Plants"
"Lupine"	"Scientific_name"	"Lupinus"
"Lupine"	"Description"	"Lupine is a herbaceous perennial, 12-26 inches tall. Leaves are alternate, palmately divided into 10-15 narrowly oblong leaflets. The leaflets are smooth or hairy above, and very hairy beneath. Bonnet-shaped flowers are born in racemes on a single center stalk 4-10 inches long. The flowers bloom in early to mid summer displaying their wide range of colors from deep blue, purple, light blue, lavender, rose, pink, yellow, and white. The fruit is a pod about one inch long containing several somewhat flattened seeds. The seeds are cream-colored and irregularly circular, and no more than 1/4 inch in diameter. "
"Lupine"	"Clinical_Signs"	"Signs include characteristic labored breathing (snores) in sheep, with depression, salivation, ataxa, clonic spasms, head pressing tremors, seizures and coma, and frequently death. Death may be preceded only by coma and no other signs or alternatively, preceded by violent attacks on other animals or objects. Signs may appear as early as one hour after ingestion or as late as 24 hours after consumption. Death may occur within one day or occur several days later and is a result of respiratory paralysis. Cattle under range conditions rarely display clinical signs. Consumption of the plant may also affect the flavor and odor of the milk produced by the poisoned animal."
"Lupine"	"Toxic_Principle"	"More than a dozen quinolizidine alkaloids, but some piperidine alkaloids and other types of alkaloids have also been isolated from species of Lupinus. These alkaloids are largely nicotinic in effect. The nitrogen oxides of some of these bases have also been detected in some lupines. The alkaloids are present in the foliage but the greatest concentration is in the seeds."
"Lupine"	"Conditions_of_Poisoning"	"Poisoning varies depending on the lupine species and varieties, and it is difficult to pin point to specific plant or animal since different animals become susceptible in different ways under varying range conditions.
Species and taxonomic differentiation between species are insufficiently characterized. Different lupines produce varying syndromes in a a given species of livestock. Seasonal variation in toxicity in a given species of lupine exist and many species are acceptable forage under range conditions. Plants which are in the preflowering stage of maturity are unlikely to be hazardous, under normal range circumstances, except in the case of L. leucophyllus which may cause toxicosis as a result of consumption of young plants. Alkaloids are not lost upon drying. Range hay may be highly toxic if the seeds are retained, and this occurs when the majority of the pods are immature; mature pods open when drying and the seeds are dropped as the hay is bundled. For many lupines, the time and degree of seeding varies year to year.
Most losses occur under conditions in which animals consume large amounts of pods in a brief period, such as trailing animals through an area where the grass is covered by snow but the lupine is not or when feeding podded lupine hay, which is apparently palatable. Most cases of serious poisoning therefore occur in the fall because lupine remains green after other forage has dried."
"Lupine"	"Animals_Affected"	"Sheep, cattle, horses"
"Lupine"	"Distribution"	"Lupines thrive in dry open fields and prairie/wooded areas. The horticultural variety of lupine has been a favorite of many gardeners for ages. Though Lupine in Illinois is most frequently seen in flower gardens, most of the approximately 100 native species are found throughout the U.S. and Canada, mainly in states west of the Rockies. A blue wild variety of lupine covers Texas open ranges in early summer, earning the rank of the State Flower. A different wild variety is also widely encountered in early summer by the visitors of the Olympic National Park in the State of Washington. "
"Lupine"	"state"	"Illinois,Texas,Washington"
"Lupine"	"References_Used"	"Knight, A. P., & Walter, R. G. (2001). A guide to plant poisoning of animals in North America. Jackson, Wyo.: Teton NewMedia."
"Maple, Red"	"Class"	"Plants"
"Maple, Red"	"Category"	"Plants"
"Maple, Red"	"Scientific_name"	"Acer rubrum"
"Maple, Red"	"Description"	"Trees are large and can reach heights of approximately 100 feet when mature. Leaves have three to five lobes and are simple and opposite with red petiole, shiny green topside and white/gray underside. Leaves turn red during the fall. "
"Maple, Red"	"Clinical_Signs"	"Consumption of the wilted leaves is known to cause oxidative damage to equine erythrocytes that may result in intravascular or extravascular hemolysis, Heinz body formation, and/or methemoglobinemia. After consumption, horses exhibit clinical signs within 1 to 2 days. Symptoms include destruction of red blood cells (anemia), weakness, dark urine, difficulty breathing, abortion, and death. The fatality rate after consumption has been reported to be between 50-65%."
"Maple, Red"	"Toxic_Principle"	"Pyrogallol."
"Maple, Red"	"Conditions_of_Poisoning"	"Poisoning usually occurs when horses consume wilted or dried leaves of the red maple. Most poisonings occur in the fall when the bulk of the leaves drop. "
"Maple, Red"	"Control"	"Maintain a good feeding program for horses and remove red maple leaves and fallen branches from horse enclosures. Do not plant red maple trees in or near horse enclosures."
"Maple, Red"	"Animals_Affected"	"Horses, alpacas, zebras"
"Maple, Red"	"Distribution"	"Red maple trees are common throughout most of eastern North America and south to Florida and Texas. They adapt to moist or dry areas and are often planted as ornamental trees."
"Maple, Red"	"state"	"Florida,Texas"
"Maple, Red"	"References_Used"	"Wilson, D. A., DVM. (2012). Clinical veterinary advisor: The horse. St. Louis, MO: Elsevier Saunders.
Knight, A. P., & Walter, R. G. (2001). A guide to plant poisoning of animals in North America. Jackson, Wyo.: Teton NewMedia.
Burrows, George E., & Tyrl, Ronald J. (2013). Toxic plants of North America. Hoboken: Wiley-Blackwell.
https://www.aspca.org/pet-care/animal-poison-control/toxic-and-non-toxic-plants/red-maple"
"Martha's Recluse"	"Class"	"Bugs"
"Martha's Recluse"	"Category"	"Spider"
"Martha's Recluse"	"Scientific_name"	"Loxosceles martha"
"Martha's Recluse"	"state"	"California"
"Mayapple"	"Class"	"Plants"
"Mayapple"	"Category"	"Plants"
"Mayapple"	"Scientific_name"	"Podophyllum peltatum"
"Mayapple"	"Description"	"Mayapple is a perennial herb of the Barberry family. Leaves are umbrella-shaped and are about 8 inches wide with 5-9 lobes. Plants that have a single leaf do not flower, while those with two leaves develop a single flower in the axil of the leaf stalks. The flower appears at the end of the downward-curved flower stalk about 1 inch long. The flower, with 6 or more white petals and about 1.5-2 inches across, blooms in April to May, and is eventually replaced by a green ovoid fruit. The plant withers away by mid-summer.
Although the creeping, fleshy rhizome has been used to prepare medicine commercially, it is poisonous by contact. The green leaves and unripened fruit are poisonous but the fruit becomes edible as it ripens and turns greenish-yellow in color. "
"Mayapple"	"Clinical_Signs"	"General signs include purgation, catharsis, and other signs referable to gastroenteritis.
Affected cattle may show the following signs: hypersalivation, anorexia, lacrimation, diarrhea, and excitation which lasts about 1 day. The muzzle and intermandibular area as well as the eyelids may become swollen.
When swine consume mayapple shoots or leaves, death may occur after few signs.
Experimental studies with a podophyllotoxin from a plant in the same family, also termed mayapple, show evidence of degenerative changes in the liver, intestine, testis and pancreas in orally exposed animals. "
"Mayapple"	"Toxic_Principle"	"The toxic principles include the bitter resinous substance podophyllin, which is extractable with alcohol and precipitated in water. Podophyllin is actually a mixture of at least 16 physiologically active compounds, which are divisible into two groups, the lignans and flavonols. One of the active lignans is podophyllotoxin."
"Mayapple"	"Conditions_of_Poisoning"	"Poisoning of livestock occurs primarily in the spring, but the plant is usually avoided and seldom eaten in harmful amounts by livestock. The root is the most toxic part and handling of it may cause dermatitis or other skin problems in humans. "
"Mayapple"	"Animals_Affected"	"Cattle, swine, dogs, cats"
"Mayapple"	"Distribution"	"Mayapple is found throughout the eastern and midwestern states of the U.S., from New York to Georgia and as far west as eastern Kansas and northeastern Oklahoma. Mayapple grows in colonies in damp meadows, woodlands, pastures, and along roadsides, and is a familiar spring woodland plant in all counties of Illinois. "
"Mayapple"	"state"	"Georgia,Illinois,Kansas,New York,Oklahoma"
"Mediterranean Recluse"	"Class"	"Bugs"
"Mediterranean Recluse"	"Category"	"Spider"
"Mediterranean Recluse"	"Scientific_name"	"Loxosceles rufescens"
"Mediterranean Recluse"	"state"	"Hawaii,Texas"
"Midget Faded Rattlesnake"	"Class"	"Animals"
"Midget Faded Rattlesnake"	"Category"	"Snake"
"Midget Faded Rattlesnake"	"Scientific_name"	"Crotalus oreganus concolor"
"Midget Faded Rattlesnake"	"Distribution"	"In the United States, the Midget Faded Rattlesnake is found in Colorado, Utah, and Wyoming"
"Midget Faded Rattlesnake"	"state"	"Colorado,Utah,Wyoming"
"Milkweed, Common"	"Class"	"Plants"
"Milkweed, Common"	"Category"	"Plants"
"Milkweed, Common"	"Scientific_name"	"Asclepias syriaca"
"Milkweed, Common"	"Description"	"Common milkweed is an herbaceous perennial that can grow from 2 to 6 feet tall, though typically only grows to 3-4 feet. The stems of the plant are stout and leaves are light green, simple, and oblong, and are alternate and opposite. Stems and leaves produce a milky juice when injured. Flowers are dusty pink or lavender and fragrant, and grow in domed, drooping umbels in the leaf axis. Seed pods are 2 to 4 inches long and have a warty appearance, and split open when ripe to release numerous silky-tailed seeds which are dispersed by the wind."
"Milkweed, Common"	"Clinical_Signs"	"Signs of poisoning usually begin within 8-10 hours after ingestion and severity is influenced by how much of the plant was consumed. Symptoms include vomiting, stupor, weakness, spasms, and rapid and/or weak pulse."
"Milkweed, Common"	"Toxic_Principle"	"Cardiac glycosides and resinoids. The cardiac glycosides affect myocardial conduction and contractility in the poisoned animal."
"Milkweed, Common"	"Conditions_of_Poisoning"	"All parts of the plant are poisonous when eaten and toxicity is retained when dried."
"Milkweed, Common"	"Control"	"Milkweeds tend to grow singly or in small groups and can be controlled by digging out individual plants or selectively spraying an herbicide such as 2,4-dichlorophenoxyacetic acid (2,4-D). Care should be taken not to include milkweed when making hay, as toxicity is not reduced by drying."
"Milkweed, Common"	"Animals_Affected"	"Milkweed species are known to affect sheep, goats, cattle, horses, domestic fowl, cats, and dogs"
"Milkweed, Common"	"Distribution"	"Common milkweed can be found in all parts of the central to eastern United States. The plant can be found in fields, open woods, and by roadsides and railroad tracks."
"Milkweed, Common"	"state"	""
"Mojave Desert Sidewinder"	"Class"	"Animals"
"Mojave Desert Sidewinder"	"Category"	"Snake"
"Mojave Desert Sidewinder"	"Scientific_name"	"Crotalus cerastes cerastes"
"Mojave Desert Sidewinder"	"Size"	"The average size of a mature Mojave Desert Sidewinder is 1.5 - 2 feet, with some getting as large as 2.5 feet in length."
"Mojave Desert Sidewinder"	"Description"	"The Mojave Desert Sidewinder looks as if it has horns over its eyes and is sometimes called the horned rattlesnake. These horns are actually upturned scales, and are not truly horns. The body is typically a sandy tan, gray, or cream color and is patterned with dark blotches of brown or grey on the back and sides. There is a dark cheek-stripe on both sides of the head that starts at the eye and runs diagonally down and backwards above the mouthline. The tail often has a few to several rings. The end of the tail has a rattle on it. The bottom of the rattle is black.
The Sidewinder gets its name from the unique sidewinding motion it uses to move. The sidewinding motion is used to move across loose sand without slipping. The sidewinder leaves a series of J marks in the sand.
The Mojave Desert Sidewinder has elliptical pupils that look like cat's eyes and like all pit vipers, has a heat-sensing pit between the nostril and eye on each side of its head."
"Mojave Desert Sidewinder"	"Distribution"	"In the United States, the Mojave Desert Sidewinder is found in Arizona, California, Nevada, and Utah."
"Mojave Desert Sidewinder"	"state"	"Arizona,California,Nevada,Utah"
"Mojave Rattlesnake"	"Class"	"Animals"
"Mojave Rattlesnake"	"Category"	"Snake"
"Mojave Rattlesnake"	"Scientific_name"	"Crotalus scutulatus"
"Mojave Rattlesnake"	"Size"	"The average size of a mature Mojave Rattlesnake is 3 - 4 feet in length, with some getting as large as 5 feet."
"Mojave Rattlesnake"	"Description"	"The Mojave Rattlesnake is a heavy, thick-bodied snake. The body of the snake is brown, grey, or sometimes olive-greenish or even yellow. Diamond-shaped blotches outlined in a cream color form a pattern along the snake's back. The diamond pattern fades into a banding pattern at the tail end of the Mojave Rattlesnake. The end of the tail ends in a series of black and white rings, with the white rings being wider than the black stripes. The end of the tail has a rattle on it.
There is a cheek-stripe on both sides of the head that starts at the eye and runs diagonally down and backwards above the mouthline. This stripe is outlined on both sides by cream-colored edges.
The Mojave Rattlesnake has elliptical pupils that look like cat's eyes and like all pit vipers, has a heat-sensing pit between the nostril and eye on each side of its head. The Mojave Rattlesnake has a large, triangular head that is wider than the neck when viewed from above."
"Mojave Rattlesnake"	"Distribution"	"In the United States, the Mojave Rattlesnake is found in Arizona, California, Nevada, New Mexico, Texas, and Utah."
"Mojave Rattlesnake"	"state"	"Arizona,California,Nevada,New Mexico,Texas,Utah"
"Mottled Rock Rattlesnake"	"Class"	"Animals"
"Mottled Rock Rattlesnake"	"Category"	"Snake"
"Mottled Rock Rattlesnake"	"Scientific_name"	"Crotalus lepidus lepidus"
"Mottled Rock Rattlesnake"	"Size"	"The average size of a mature Mottled Rock Rattlesnake is 1.5 - 2 feet, with some getting as large as 2.5 feet."
"Mottled Rock Rattlesnake"	"Description"	"The Mottled Rock Rattlesnake is a slender snake. The body color of the snake varies greatly based on the rock and mold colors that are common in the areas it is found. The body may be greenish, brown, grey, pinkish, or blue-grey. There are widely spaced dark blotches that sometime form crossbands. These blotches usually have serrated, saw-like edges. There are often small spots between the blotches.
The Mottled Rock Rattlesnake has elliptical pupils that look like cat's eyes and like all pit vipers, has a heat-sensing pit between the nostril and eye on each side of its head. The Banded Rock Rattlesnake has a relatively small triangular head that is only slightly wider than the neck when viewed from above. The end of the tail has a rattle on it."
"Mottled Rock Rattlesnake"	"Distribution"	"In the United States, the Mottled Rock Rattlesnake is found in New Mexico and Texas."
"Mottled Rock Rattlesnake"	"state"	"New Mexico,Texas"
"Nightshade, Solanum"	"Class"	"Plants"
"Nightshade, Solanum"	"Category"	"Plants"
"Nightshade, Solanum"	"Scientific_name"	"Solanum"
"Nightshade, Solanum"	"Description"	"About 1,500 Solanum species exist in the world, and they include some of the most common garden plants such as potato (Solanum tuberosum L.) and eggplant (Solanum melongena L.). One of the species, Jerusalem cherry (Solanum pseudocapcicum L.) is grown as a house plant for its compact form and small round berries which turn bright red at maturity. The tomato (Lycopercison esculentum Mill.) is also a related plant. Included in this entry are descriptions of Black Nightshade, Bittersweet Nightshade, Silverleaf Nightshade, and Horse Nettle. Horse Nettle also has its own expanded entry, and other related species may be found under their own names.
Bittersweet Nightshade (S. dulcamara)
Bittersweet nightshade is also known as European bittersweet or climbing nightshade. This plant grows from rhizomes and is a slender climbing or trailing perennial reaching 6 feet in length. Leaves are alternate, ovate, simple or deeply lobed, 1-1/2 to 4 inches long, and pointed at the tip. Flowers are deep purple or bluish purple with flower stalk arising between the leaf nodes or opposite the leaves. Nearly round fruits turn red when mature and stay on the vines through mid winter.
Black Nightshade (S. nigrum)
Black nightshade is an annual herb with a tap root. Stems are erect and much branched reaching 3 feet tall. Leaves alternate, ovate or lanceolate, and long-stalked. The flower has 5 white petals, sometimes with a yellow inner star, and ranges from 1/4 inch to 3/8 inch across. Berries are round and about 1/4 or so inches across, green, and turn purplish to black when ripe. Immature berries and foliage are toxic, but ripe fruits are reportedly edible.
Plants commonly known as black nightshade may include two native species, American Black Nightshade (S. americanum P. Mill.) and Eastern Black Nightshade (S. ptycanthum Dun.), as well as S. nigrum which was introduced from Europe and is widely naturalized. Solanum ptycanthum may be more commonly found in the midwest since S. americanum appears to be more concentrated in the southern states.
Horse Nettle, Bull Nettle (S. carolinense) ?
A perennial with a deep taproot and rhizome below ground. Its stem and leaves have yellowish spines and sometimes are hairy. Leaves are alternate and ovate with irregularly wavy or lobed margins. Flowers appear in June to August, are light purple to white, 3/4 to 1 inch across, and in short racemes near the top of the plant. Petals are united with 5 points at the margin. Fruits are globose, about 1/2 inch in diameter and yellow when mature. Yellow or brownish seeds are numerous, and irregularly circular, about 1/8 inch across. 
Silverleaf Nightshade or White Horse-Nettle (S. elaeagnifolium)
This perennial herb gets its common name because of its silvery appearance caused by the numerous fine hairs. Its thick, lanceolate leaves are wavy and roughly indented (sinuate). The stems and parts of the leaves have short stiff spines. The flowers appear at the end of branches and have petals which are pale to deep blue or lavender in color."
"Nightshade, Solanum"	"Clinical_Signs"	"Clinical signs vary with irritant effect caused by the intact glycoalkaloid or saponin, and the nervous effects of the alkaloid. Irritant effects include hypersalivation, anorexia, severe gastrointestinal disturbances, with diarrhea that is often early and hemorrhagic. The nervous effects include apathy, drowsiness, depression, confusion, progressive muscular weakness, numbness, dilated pupils, trembling, labored breathing, nasal discharge, rapid heartbeat, weak pulse, bradycardia, central nervous system depression, and incoordination, often accompanied by paralysis of the rear legs. Coma may occur without other nervous signs. High doses may cause intestinal stasis and constipation. Hemolysis and anemia, possibly a result of saponins, have been reported, with renal failure in severe cases. Terminal signs include unconsciousness, shock, paralysis, coma, circulatory and respiratory depression, and death. The course varies from sudden death to 3-4 days of illness which may terminate in death or recovery. In less acutely poisoned animals, there may be yellow discoloration of the skin in unpigmented areas, weakness, incoordination, tremors of the rear legs, anemia, rapid heart rate and bloat."
"Nightshade, Solanum"	"Toxic_Principle"	"Many contain the steroidal glycoalkaloid solanine. Upon hydrolysis, a sugar and the alkaloid solanidine are recovered. The free (unconjugated) steroidal alkaloid (the aglycone) is the primary form acting on the nervous system.
Other aglycones present may include dihydrosolanidine, tomatidine and strophanthidin. Toxic properties of these compounds are characteristic of saponins.
Some of these plants also have cardiac effects, e.g., Jerusalem cherry (S. pseudocapsicum) contains an additional alkaloid, solanocapsine, which produces bradycardia.
In some plants, atropine-like constituents predominate, e.g., potato (S. tuberosum), and some strains and stages of black nightshade (S. nigrum)."
"Nightshade, Solanum"	"Conditions_of_Poisoning"	"Poisoning by these Solanum species occurs primarily when animals are confined in overgrazed fields or where nightshade is abundant. The hazard of poisoning varies depending on the plant species, maturity of plants, and other conditions.
Generally, the leaves and green fruits are toxic. Ingestion of juice from wilted leaves may be especially toxic and sometimes deadly. Many cases of poisoning have been reported as a result of eating green berries. Green berries have produced severe intestinal, oral and esophageal lesions in sheep. Cattle reportedly seek out the berries of Solanum species and will eat the green plant, specially when other green forage is unavailable. Silverleaf nightshade (S. eleagnifolium) is exceptional in that the ripe fruit is more toxic than the green. S. eleagnifolium is toxic at only 0.1% of the body weight. Toxicity is not lost upon drying. Solanine content increases up to maturity. Solanine, except in potatoes, is reportedly destroyed by cooking. Potato (S. tuberosum) peelings contain the major portion of the toxic principle in the tuber, and leaves, sprouts and vines. Sun-greened potatoes are especially toxic. Spoiled potatoes and peelings also have caused severe poisoning. Cooking does not appear to destroy all the alkaloids in greened potatoes. Toxicity may vary with the soil, climate and other variables. Animals may browse potato plants or eat sprouted potatoes, leading to problems. "
"Nightshade, Solanum"	"Control"	"Animals should be kept away from fields with heavy infestation of nightshade. Plants should be mowed or pulled up while in flower, and burned. Remove green parts of potatoes before cooking, eat only ripe tubers."
"Nightshade, Solanum"	"Distribution"	"Bittersweet Nightshade (S. dulcamara)
An introduced species from Eurasia, this plant is found in moist ground of low woods, roadsides, fence rows and thickets. It ranges from Nova Scotia to Minnesota through much of the Midwestern states and south to Florida and Texas. In Illinois, this plant is commonly found in the north-eastern counties including Champaign.
Black Nightshade (S. nigrum)
The native species, S. americanum, is usually found in undisturbed habitats or moist open woodlands, stream banks, valleys, fields, roadsides and waste places throughout the east central United States from Maine to Florida and west to Minnesota, Nebraska and Oklahoma. It is found in almost all counties of Illinois. The introduced species, S. nigrum, is rare in Illinois but abundant in some places from Minnesota and the Dakotas to Oklahoma.
Horse Nettle, Bull Nettle (Solanum carolinense L.)
This plant is found in waste spaces or neglected fields, gardens, and roadsides from the Atlantic coast to Texas, north to South Dakota and as far south as Florida. It is a common weed in all counties of Illinois.
Silverleaf Nightshade or White Horse-Nettle (S. eleagnifolium)
Silverleaf Nightshade is found in large colonies in open woodlands, pastures, stream valleys, roadsides and disturbed or waste grounds in the Southwest from Missouri to Kansas, Oklahoma, Texas, Arizona, New Mexico and southwestern Colorado. This plant is found in a a few counties of Illinois, but a similar species (S. carolinense) is easily mistaken for this plant. "
"Nightshade, Solanum"	"state"	"Arizona,Colorado,Florida,Illinois,Kansas,Maine,Minnesota,Missouri,Nebraska,New Mexico,Oklahoma,South Dakota,Texas"
"Northern Black tailed Rattlesnake"	"Class"	"Animals"
"Northern Black tailed Rattlesnake"	"Category"	"Snake"
"Northern Black tailed Rattlesnake"	"Scientific_name"	"Crotalus molossus molossus"
"Northern Black tailed Rattlesnake"	"Size"	"The average size of a mature Northern Black-Tailed Rattlesnake is 2.5 - 4 feet."
"Northern Black tailed Rattlesnake"	"Description"	"The Northern Black-Tailed Rattlesnake is a heavy, thick-bodied snake. Its body color varies and may be greenish, yellow, or grey. The top of the head/nose is usually dark brown or black. Dark, irregular shaped blotches form a pattern along the snake's back. These blotches often have a lighter colored center. The blotches form into a banding pattern as it nears the tail. The tail, as the snakes name suggests, is solid black. The end of the tail has a rattle on it.
The Northern Black-Tailed Rattlesnake has elliptical pupils that look like cat's eyes and like all pit vipers, has a heat-sensing pit between the nostril and eye on each side of its head. The Northern Black-Tailed Rattlesnake has a large, triangular head that is wider than the neck when viewed from above."
"Northern Black tailed Rattlesnake"	"Distribution"	"In the United States, the Northern Black-tailed Rattlesnake is found in Arizona, New Mexico, and Texas."
"Northern Black tailed Rattlesnake"	"state"	"Arizona,New Mexico,Texas"
"Northern Black Widow"	"Class"	"Bugs"
"Northern Black Widow"	"Category"	"Spider"
"Northern Black Widow"	"Scientific_name"	"Latrodectus variolus"
"Northern Black Widow"	"Size"	"The average size of mature, female Northern Black Widow spiders is approximately .5 inch, with a leg span of 1.5 to 2 inches. Mature, male Northern Black Widow spiders are much smaller - approximately 1/3 the size of the female."
"Northern Black Widow"	"Description"	"Northern Black Widow spiders are a glossy jet-black, with a bright-red hourglass marking on the underside of their abdomen. The hourglass of the Northern Black Widow is typically incomplete, with the bottom half and top half separated. The bottom half (farthest from the head) is typically more rounded, rather than triangular. The Northern Black Widow will typically have a row of red dots running down the top of its abdomen, with white stripes running diagonally down the sides of the abdomen.
In addition to the typical hourglass marking on the underside of their abdomen, immature Black Widow spiders can vary greatly in the way they are marked on the top of their back. Typically they have red or white spots running down the middle of their back and white stripes running diagonally down the sides of the abdomen. In the Nothern Black Widow these markings are often retained as they mature."
"Northern Black Widow"	"Distribution"	"The Northern Black Widow is found throughout the eastern United States, sharing much of the same area as the Southern Black Widow, but found more often in the northern United States. Outside of the United States, the Northern Black Widow is found in Canada."
"Northern Black Widow"	"Notes"	"As with all widow spiders, only the female of the species is considered dangerous. The much smaller male is considered harmless. Northern Black Widow spiders are nocturnal, which means they are active during the nighttime. They spend most of their time hanging \upside down\ in their web, which often makes the hourglass marking immediately visible.
Northern Black Widow spiders are typically not aggressive, and bite as a defensive measure when they are attacked or feel threatened. They will often retreat into hiding, but are more protective of their web when there are egg sacs present.
Web
The web of the Northern Black Widow does not resemble the typical spider's web, such as the garden spider's web, that is often associated with spiders. It instead resembles a cobweb, constructed of very strong white silk. The web will often be constructed under rocks or logs, or in large cracks and crevices, where it will be dark and the web will be protected from the weather. Webs will sometimes be constructed on lawn furniture, wood piles, sheds, barns, and in garages as well."
"Northern Black Widow"	"state"	"Alabama,Arkansas,Connecticut,Delaware,Florida,Georgia,Idaho,Illinois,Indiana,Iowa,Kansas,Kentucky,Louisiana,Maryland,Massachusetts,Michigan,Minnesota,Mississippi,Missouri,Montana,New Hampshire,New Jersey,New York,North Carolina,Ohio,Pennsylvania,Rhode Island,South Carolina,Tennessee,Texas,Vermont,Virginia,West Virginia,Wisconsin"
"Northern Copperhead"	"Class"	"Animals"
"Northern Copperhead"	"Category"	"Snake"
"Northern Copperhead"	"Scientific_name"	"Agkistrodon contortrix mokasen"
"Northern Copperhead"	"Size"	"The average size of a mature Northern Copperhead is 2-3 feet in length. Some reach up to 4 feet in length."
"Northern Copperhead"	"Description"	"The Copperhead gets it name from the copper-red color of the top of its head, similar to the color of a penny. The body of the Northern Copperhead is generally a light tan to reddish-tan, with dark brown to reddish-brown bands. These bands are hourglass shaped, being thinner across the spine and wider on the sides of the snake. The inside of the hourglass pattern is usually lighter on the sides of the body. There may often be one or two darker brown marks between the bands on the back of the body, and one inside the bands on the sides of the body. These marks are not as obvious as the banding, and are many times fainter in color or non-existent.
Young Northern Copperheads are patterned like mature Northern Copperheads, but are often grayer in color, and the tip of the tail on young Northern Copperheads is yellow. The yellow tail is used to attract food. It is wiggled in a motion imitating a worm or caterpillar, which attract frogs, lizards, or other prey that the young Northern Copperhead eats.
The Northern Copperhead has elliptical pupils that look like cat's eyes and like all pit vipers, has a heat-sensing pit between the nostril and eye on each side of its head. The Northern Copperhead has a large, triangular head that is wider than the neck when viewed from above."
"Northern Copperhead"	"Distribution"	"In the United States, the Northern Copperhead is found in most of the eastern states including Alabama, Connecticut, Delaware, Georgia, Illinois, Indiana, Iowa, Kentucky, Maryland, Massachusetts, Mississippi, Missouri, New Jersey, New York, North Carolina, Ohio, Pennsylvania, South Carolina, Tennessee, Virginia, and West Virginia."
"Northern Copperhead"	"Notes"	"When the Northern Copperhead is disturbed or feels threatened, it will often coil up its body, and raise its head at a 45-degree angle from the ground in a defensive posture. It will often vibrate its tail when disturbed as well.
The Northern Copperhead is born with the ability to bite and inject venom, and is fully capable of inflicting a venomous bite from birth."
"Northern Copperhead"	"state"	"Alabama,Connecticut,Delaware,Georgia,Illinois,Indiana,Iowa,Kentucky,Maryland,Massachusetts,Mississippi,Missouri,New Jersey,New York,North Carolina,Ohio,Pennsylvania,South Carolina,Tennessee,Virginia,West Virginia"
"Northern Pacific Rattlesnake"	"Class"	"Animals"
"Northern Pacific Rattlesnake"	"Category"	"Snake"
"Northern Pacific Rattlesnake"	"Scientific_name"	"Crotalus oreganus oreganus"
"Northern Pacific Rattlesnake"	"Distribution"	"In the United States, the Northern Pacific Rattlesnake is found in California, Idaho, Oregon, and Washington"
"Northern Pacific Rattlesnake"	"state"	"California,Idaho,Oregon,Washington"
"Nuttalliella"	"Class"	"Bugs"
"Nuttalliella"	"Category"	"Ticks"
"Nuttalliella"	"Clinical_Signs"	"Look of bite: A small bump may appear at the site of the tick bite
Feeling of bite: ick bites often go unnoticed because tick saliva has active compounds that alter or block pain, itch, and immune responses and modulate blood
A total of 2.610 ticks were collected from humans who were admitted to the hospitals with complaints of tick bites in the Southwestern Anatolia Region in the present study. Of these, 1.858 samples were collected from the Aegean Region and the remaining 752 from the Mediterranean Region of the country. The ticks were identified as Hyalomma spp. (78.58%), Rhipicehalus spp. (18.89%), Ixodes spp. (0.88%), Dermacentor spp. (0.77%), Haemaphysalis spp. (0.61%), Argas spp. (0.23%), and Ornithodoros spp. (0.04%). Results indicated that the majority of the ticks were nymphs of Hyalomma spp. (n=1.582). Nymphal stage was most commonly encountered from the Aegean Region and the Mediterranean Region with a prevalence of 46.13% (n=1.204) and 14.48% (n=378) respectively. Within the collected adult ticks (n=913), the majority of the samples were identified as H. marginatum (n=233, 26.09%)."
"Nuttalliella"	"Treatment"	"Cure: This comprehensive review explores the field of anti-tick vaccines, addressing their significance in combating tick-borne diseases of public health concern. The main objectives are to provide a brief epidemiology of diseases affecting humans and a thorough understanding of tick biology, traditional tick control methods, the development and mechanisms of anti-tick vaccines, their efficacy in field applications, associated challenges, and future prospects. Tick-borne diseases (TBDs) pose a significant and escalating threat to global health and the livestock industries due to the widespread distribution of ticks and the multitude of pathogens they transmit. Traditional tick control methods, such as acaricides and repellents, have limitations, including environmental concerns and the emergence of tick resistance. Anti-tick vaccines offer a promising alternative by targeting specific tick proteins crucial for feeding and pathogen transmission. Developing vaccines with antigens based on these essential proteins is likely to disrupt these processes. Indeed, anti-tick vaccines have shown efficacy in laboratory and field trials successfully implemented in livestock, reducing the prevalence of TBDs. However, some challenges still remain, including vaccine efficacy on different hosts, polymorphisms in ticks of the same species, and the economic considerations of adopting large-scale vaccine strategies. Emerging technologies and approaches hold promise for improving anti-tick vaccine development and expanding their impact on public health and agriculture."
"Ohio Buckeye"	"Class"	"Plants"
"Ohio Buckeye"	"Category"	"Plants"
"Ohio Buckeye"	"Scientific_name"	"Aesculus glabra Willd"
"Ohio Buckeye"	"Other_name"	"Horse Chestnut"
"Ohio Buckeye"	"Description"	"A tree which reaches a maximum height of 50-70 feet with a rough bark that has disagreeable odor. The leaves are made up of 5 rather large, leaf-like leaflets set like the fingers or a hand, at the end of the leafstalk.
Blossoms: Large clusters of pale yellowish-green blossoms appear at the ends of the branches. They are usually seen in May after the leaves appear.
Fruit: A globular, spine-roughened capsule which contains 1-3 large glossy chocolate-colored nuts each with a large whitish scar. "
"Ohio Buckeye"	"Clinical_Signs"	"In simple stomached animals, vomiting and gastroenteritis are the primary effects of the toxic glycoside."
"Ohio Buckeye"	"Toxic_Principle"	"Glycosides, especially a glycosidic saponin called aesculin and possibly a narcotic alkaloid. Note: Glycoside is defined as a molecule containing a carbohydrate (sugar) moiety, particularly any such natural product in plants."
"Ohio Buckeye"	"Conditions_of_Poisoning"	"Sprouts, leaves, and nuts of the plant are reported to have caused illness or death in cattle, sheep, and pigs when these animals were pastured where sprouts were present and where other forage was scarce. Especially poisonous are the young sprouts and the seeds. Poisoning does not always follow when animals feed on the tree. In experimental feeding, symptoms of poisoning appeared in only a small number of the animals."
"Ohio Buckeye"	"Control"	"Until grass or other forage is abundant, animals should not be allowed to graze in woodland pastures where there are buckeye sprouts. Sprouts and seedlings should be grubbed out of pastures. If the trees are few, as they usually are, it may be advisable to collect the nuts in order to keep hogs from getting them. The tree has little commercial value, but since it is uncommon, it should not be unnecessarily destroyed. "
"Ohio Buckeye"	"Animals_Affected"	"Cattle, sheep, pigs, goats"
"Ohio Buckeye"	"Distribution"	"The buckeye grows in woods throughout Illinois, preferring rich, moist soils. In the northern part of the state it is infrequent. Southward it is more common, but nowhere in Illinois does it occur other than as an occasional tree. "
"Ohio Buckeye"	"state"	"Illinois"
"Ohio Buckeye"	"References_Used"	"Knight, A. P., & Walter, R. G. (2001). A guide to plant poisoning of animals in North America. Jackson, Wyo.: Teton NewMedia."
"Oleander"	"Class"	"Plants"
"Oleander"	"Category"	"Plants"
"Oleander"	"Scientific_name"	"Nerium oleander"
"Oleander"	"Description"	"Oleander is an ornamental evergreen shrub that can grow to approximately 20 feet tall. Its leaves are simple and narrowly lanceoleate, and 3-10 inches long. Its flowers are tubular with five or more petals and are commonly pink, red, purple, or white. The fruit pods contain many seeds, each with a tuft of hair to aid in dispersal."
"Oleander"	"Clinical_Signs"	"Nausea, vomiting, drooling, abdominal pain, diarrhea (possibly bloody), dizziness, slowed or irregular heartbeat, dilation of pupils, drowsiness, death."
"Oleander"	"Toxic_Principle"	"Cardiac glycosides, specifically oleandrin, oleandroside, nerioside, and neriine."
"Oleander"	"Conditions_of_Poisoning"	"All parts of the plant are highly toxic when ingested, and drying does not decrease toxicity. Sap from the plant can cause skin reactions in allergic individuals, and the smoke produced by burning the plant is also toxic. Ingestion is the most common cause of poisoning, and poisoning generally occurs when animals are allowed to graze where oleander is abundantly present. The lethal dose of green oleander leaves for horses and cattle is 0.005% of the total body weight, and the minimum lethal dose for cattle is 50 mg/kg of body weight. Horses that were given 40mg/kg of body weight consistently developed severe gastrointestinal and cardiac signs of poisoning."
"Oleander"	"Control"	"Oleander plants can be removed by cutting the branches back and digging out the roots, but full removal may take time as any missed roots will continue to send up new shoots. Oleander is fast growing and tenacious, so any areas where a plant has been removed should be closely monitored for new growth and shoots should be cut back quickly. Caution should be used when pruning or removing oleander plants due to the toxic nature of the sap. Skin should be covered completely while working with the plant, a dust mask is recommended, and cuttings should not be burned."
"Oleander"	"Animals_Affected"	"Humans, cattle, horses, dogs, cats, birds"
"Oleander"	"Distribution"	"Oleander grows commonly in the wild in the southern portion of the United States from California to Florida, and is also often grown as a cultivated plant in northern climates. It is extensively used in landscaping due to its resistance to drought, heat, wind poor soil conditions, and grazing."
"Oleander"	"state"	"California,Florida"
"Oleander"	"References_Used"	"Knight, A. P., & Walter, R. G. (2001). A guide to plant poisoning of animals in North America. Jackson, Wyo.: Teton NewMedia.
http://www.missouribotanicalgarden.org/PlantFinder/PlantFinderDetails.aspx?kempercode=a532
https://plants.ces.ncsu.edu/plants/all/nerium-oleander/
https://www.aspca.org/pet-care/animal-poison-control/toxic-and-non-toxic-plants/oleander"
"Osage Copperhead"	"Class"	"Animals"
"Osage Copperhead"	"Category"	"Snake"
"Osage Copperhead"	"Scientific_name"	"Agkistrodon contortrix phaeogaster"
"Osage Copperhead"	"Size"	"The average size of a mature Osage Copperhead is 2-3 feet in length."
"Osage Copperhead"	"Description"	"The Copperhead gets it name from the copper-red color of the top of its head, similar to the color of a penny. The body of the Osage Copperhead is generally a light tan to reddish-tan, with dark brown to reddish-brown bands. These bands are hourglass shaped, being thinner across the spine and wider on the sides of the snake. The inside of the hourglass pattern is usually lighter on the sides of the body. Sometimes the bands of the Osage Copperhead are outlined in white. There are no spotted marks between the bands on the Osage Copperhead.
Young Osage Copperheads are patterned like mature Osage Copperheads, but are often grayer in color, and the tip of the tail on young Osage Copperheads is a greenish-yellow. The greenish-yellow tail is used to attract food. It is wiggled in a motion imitating a worm or caterpillar, which attract frogs, lizards, or other prey that the young Osage Copperhead eats.
The Osage Copperhead has elliptical pupils that look like cat's eyes and like all pit vipers, has a heat-sensing pit between the nostril and eye on each side of its head. The Osage Copperhead has a large, triangular head that is wider than the neck when viewed from above. The head of the Osage Copperhead has no distinctive markings."
"Osage Copperhead"	"Distribution"	"In the United States, the Osage Copperhead is found in Illinois, Iowa, Kansas, Missouri, Nebraska, and Oklahoma."
"Osage Copperhead"	"Notes"	"When the Osage Copperhead is disturbed or feels threatened, it will often coil up its body, and raise its head at a 45-degree angle from the ground in a defensive posture. It will often vibrate its tail when disturbed as well.
The Osage Copperhead is born with the ability to bite and inject venom, and is fully capable of inflicting a venomous bite from birth."
"Osage Copperhead"	"state"	"Illinois,Iowa,Kansas,Missouri,Nebraska,Oklahoma"
"Panamint Speckled Rattlesnake"	"Class"	"Animals"
"Panamint Speckled Rattlesnake"	"Category"	"Snake"
"Panamint Speckled Rattlesnake"	"Scientific_name"	"Crotalus mitchellii stephensi"
"Panamint Speckled Rattlesnake"	"Distribution"	"In the United States, the Panamint Speckled Rattlesnake is found in California and Nevada."
"Panamint Speckled Rattlesnake"	"state"	"California,Nevada"
"Paper wasp"	"Class"	"Bugs"
"Paper wasp"	"Category"	"Bees"
"Paper wasp"	"Clinical_Signs"	"Look of sting: The location of the sting will become red and swollen
Feeling of sting: Paper wasp stings are painful but usually not dangerous unless you have an allergic reaction.
Paper wasp stings are painful but usually not dangerous unless you have an allergic reaction. The sting injects venom, causing localized swelling, redness, and a burning sensation that can last for a few hours or days. For some people, stings may trigger hives, welts, or more intense swelling."
"Paper wasp"	"Treatment"	"Cure: Elevation: Raising the affected body part higher than your heart can help with swelling. Antihistamines: Oral allergy medications like diphenhydramine (Benadryl®) may help with symptoms. You can also use hydrocortisone or calamine creams/lotions to ease itching and irritation."
"Philodendron"	"Class"	"Plants"
"Philodendron"	"Category"	"Plants"
"Philodendron"	"Scientific_name"	"Philodendron"
"Philodendron"	"Description"	"Philodendron plants come in a variety of shapes and sizes depending on the species. Philodendrons commonly have shiny, dark green, deeply lobed leaves that can be several feet long, but that is not true for all species. The popularly cultivated heart leaf philodendron (Philodendron hederaceum) grows as a vine with heart-shaped leaves that are 4-12 inches long depending on the age of the plant and have no lobes."
"Philodendron"	"Clinical_Signs"	"Painful burning sensation accompanied by swelling of the lips, tongue, and throat when ingested. Drooling, vomiting (not in horses), difficulty swallowing or speaking, and diarrhea are also possible symptoms. Death can potentially occur from swelling of the windpipe, but is not commonly seen. Skin irritation can occur from contact with the sap."
"Philodendron"	"Toxic_Principle"	"Calcium oxalates."
"Philodendron"	"Conditions_of_Poisoning"	"Poisoning occurs after ingestion. All parts of the plant are poisonous, but the leaves have the greatest concentration of the toxin. Skin irritation can also occur after contact with the sap, but is generally minor."
"Philodendron"	"Animals_Affected"	"Humans, dogs, cats, horses"
"Philodendron"	"Distribution"	"Philodendron plants are natively tropical but are popular indoor plants due to their impressive foliage and low maintenance requirements. Some philodendron species may be seen in the in the wild in the southern United States, but it is more commonly encountered as a cultivated plant."
"Philodendron"	"state"	""
"Philodendron"	"References_Used"	"https://www.aspca.org/pet-care/animal-poison-control/toxic-and-non-toxic-plants/philodendron-pertusum
https://plants.ces.ncsu.edu/plants/all/philodendron-selloum/
http://www.missouribotanicalgarden.org/PlantFinder/PlantFinderDetails.aspx?kempercode=b611"
"Pigweed"	"Class"	"Plants"
"Pigweed"	"Category"	"Plants"
"Pigweed"	"Scientific_name"	"Amaranthus retroflexus"
"Pigweed"	"Other_name"	"Carelessweed,Redroot,Red-rooted pigweed"
"Pigweed"	"Description"	"Pigweed is a stout, rapidly growing annual plant that can reach 3-4 feet tall. The stems are branched and hairy, and can be red to purple in color. The leaves of the plant are alternate, petiolate, ovate to lanceolate, and pointed at the apex. The flowers are light green and grow in dense spikes or panicles approximately 3-8 inches long. The taproot of redroot pigweed is bright red in color, and seeds are black and shiny."
"Pigweed"	"Clinical_Signs"	"Swelling of and around the kidneys can be caused by oxalates in the plant, if present. Renal tubular nephrosis can occur and has most likely been the cause of death of affected animals in previous cases, and it has been seen even in cases where oxalates were not present implying that there is an unknown compound in the plant that is the cause. Nitrate poisoning can occur if the plant has accumulated nitrates over its lifetime."
"Pigweed"	"Toxic_Principle"	"Significant quantities of oxalates and nitrates may accumulate in the plant over time, and other currently unknown toxic substances may also be present."
"Pigweed"	"Conditions_of_Poisoning"	"Poisoning occurs when the plant is ingested. Pigs and cattle should not be allowed to graze in areas where pigweed is present, and plants should be removed if seen growing in or near animal enclosures."
"Pigweed"	"Control"	"The plant spreads and grows quickly from wind-blown seeds, so effort should be taken to remove the plants from the desired areas before flowering and the areas should remain under close observation if mature plants are seen in the vicinity."
"Pigweed"	"Animals_Affected"	"Pigs, cattle"
"Pigweed"	"Distribution"	"A variety of pigweed species grow throughout North America, with redroot pigweed (Amaranthus retroflexus) being the most common and typical of the genus. It can be found in cultivated and disturbed soils along roadsides and waste areas, and is also common in and around animal enclosures. Prostrate pigweed (A. blitoides), tumble pigweed (A. albus), and Palmer amaranth (A. palmeri) are also frequently seen and have similar characteristics to the redroot pigweed."
"Pigweed"	"state"	""
"Pigweed"	"References_Used"	"Knight, A. P., & Walter, R. G. (2001). A guide to plant poisoning of animals in North America. Jackson, Wyo.: Teton NewMedia."
"Pit Bull"	"Class"	"Animals"
"Pit Bull"	"Category"	"Dogs"
"Pit Bull"	"Clinical_Signs"	"Redness and Swelling, Bruising, and Numbness or Tingling."
"Pit Bull"	"Treatment"	"Immediate first aid and seek professional medical attention"
"Pit Bull"	"Notes"	"One of the most dangerous dogs."
"Poison Hemlock"	"Class"	"Plants"
"Poison Hemlock"	"Category"	"Plants"
"Poison Hemlock"	"Scientific_name"	"Conium maculatum"
"Poison Hemlock"	"Description"	"Poison hemlock is a coarse biennial herb with a smooth, purple-spotted, hollow stem and leaves like parsley. It grows 3 to 6 feet tall and in late summer has many small white flowers in showy umbels. Its leaves are extremely nauseating when tasted.
Although sometimes confused with water hemlock, poison hemlock can be distinguished by its leaves and its roots. The leaf veins of the poison hemlock run to the tips of the teeth; those of the water hemlock run to the notches between the teeth. The poison hemlock root is long, white, and fleshy. It is usually unbranched and can be easily distinguished from the root of water hemlock, which is made up of several tubers. 
Poisonous parts/ non-poisonous parts:  There are no parts of the plant that are not poisonous and all of the parts are poisonous but the sap is the most dangerous"
"Poison Hemlock"	"Clinical_Signs"	"Susceptible species include cattle, pigs, elk, poultry, goats, sheep, and rabbits to some extent. Toxicosis has been experimentally reproduced in sheep and horses as well. Consumption of the plant may also affect the flavor and odor of the milk produced by the poisoned animal.
Systemic effects: After having eaten poison hemlock, animals may lose their appetites, salivate excessively, bloat, and have a rapid but feeble pulse. They also show evidence of muscular incoordination and appear to have great abdominal pain. Other signs include muscle tremors, frequent urination and defecation, recumbency, mydriasis, and \nervousness\ followed by severe depression. In animals that die, breathing ceases due to respiratory paralysis before cardiac arrest. Convulsions, which occur in water-hemlock poisoning, do not follow the eating of poison hemlock.
Teratogenic effects: Birth defects due to ingesting poison hemlock occur in (at least) calves and piglets and may include crooked legs (crooked calf disease, arthrogryposis), cleft palate, and kinked tails. Arthrogrypotic skeletal malformations occur in calves when poison hemlock is ingested by pregnant cows between days 40 through 70 of gestation. Similar skeletal lesions occur in pigs between days 40 through 61 of gestation. Cleft palates can occur in piglets if pregnant swine ingest poison hemlock between days 30 through 45 of gestation.
Some symptoms are trembling and muscle weakness,dizziness and confusion,nausea and vomiting,increased salivation,a dry mouth,dilated pupils,rapid heartbeat,high blood pressure, and restlessness."
"Poison Hemlock"	"Toxic_Principle"	"Piperidine (nicotinic) alkaloids in Conium include coniceine, coniine, N-methyl coniine, conhydrine, and pseudoconhydrine. The alkaloid content is variable with the stage of development and the stage of reproduction of the plant. During the first year of growth, the plant alkaloid content tends to be low. Plants in the second year, however, have alkaloid contents of approximately 1% in all plant parts. The alkaloid content is somewhat higher after sunny weather, as compared to rainy weather. The highest concentration of alkaloids occur in the seeds which can contaminate cereal grains. Coniine (2-propylpiperidine) and N-methyl coniine progressively increase in flowers and fruits, while coniceine decreases during plant maturation. In the vegetative stage - i.e. early growth - coniceine (W'-2 propylpiperidine) is the predominant alkaloid. Coniceine and coniine are the primary teratogenic alkaloids of Conium."
"Poison Hemlock"	"Conditions_of_Poisoning"	"Animals allowed to graze pastures infested with this plant are most likely to be poisoned in early spring, when tender and succulent new leaves come from the root. Similar regrowth takes place in the early autumn. The root itself seems to be nearly harmless in spring, but later in the year all parts - roots, stem, leaves, and fruit - become extremely poisonous. It was the juice of poison hemlock with which the ancient Greeks killed Socrates. Many cases of human poisoning occur because the hemlock roots are mistaken for parsnips; the leaves, for parsley; and the roots and seeds, for anise. "
"Poison Hemlock"	"Control"	"Poison hemlock should be dug up and completely destroyed because it is dangerous to both animals and humans."
"Poison Hemlock"	"Treatment"	"Some things to do when you get poisoned are to seek emergency medical help immediately. Contact a poison control center. Also you should try to keep war"
"Poison Hemlock"	"Animals_Affected"	"Humans, cattle, birds, sheep, goats, pigs, horses, dogs, cats"
"Poison Hemlock"	"Distribution"	"Poison hemlock was introduced into North America from Europe, where it is native. It has become well established in all regions except desert. The plants are easily found along roadsides, on the banks of streams, ditches, and canals, and as a weed in fields. It is found in all parts of Illinois. "
"Poison Hemlock"	"state"	"Illinois"
"Poison Hemlock"	"References_Used"	"Vetter, J.  \Poison hemlock (Conium maculatum L.).\ Food and Chemical Toxicology. 42 (2004):1373-1382. 
Knight, A. P., & Walter, R. G. (2001). A guide to plant poisoning of animals in North America. Jackson, Wyo.: Teton NewMedia."
"Poison Ivy"	"Class"	"Plants"
"Poison Ivy"	"Category"	"Plants"
"Poison Ivy"	"Scientific_name"	"Toxicodendron radicans Kuntze"
"Poison Ivy"	"Other_name"	"Rhus toxicodendron L,Rhus radicans L"
"Poison Ivy"	"Description"	"Poison ivy is a perennial, woody plant that can grow as a climbing vine or as a low upright or trailing shrub. Leaves are split into three leaflets, alternate, glossy, hairless, and may be toothed or lobed. Leaves turn red in the fall. Climbing plants produce aerial roots that grasp the climbing surface, generally the bark of a tree. Flowers are small, greenish-white, and grow in hanging clusters. Fruits are yellowish-white waxy berries."
"Poison Ivy"	"Clinical_Signs"	"Redness of the skin, irritation, itching, swelling, blisters. Symptoms may be severe."
"Poison Ivy"	"Toxic_Principle"	"Urushiol, an oily, resinous toxin found in all parts of the plant. Drying does not decrease toxicity."
"Poison Ivy"	"Conditions_of_Poisoning"	"Poison is typically delivered through skin contact with the plant, although indirect contact, such as touching an animal or object that has rubbed against the plant, will also deliver the toxin. All parts of the plant are poisonous, including the berries. Smoke from burning poison ivy can contain the toxin and affect people who are allergic to it."
"Poison Ivy"	"Control"	"Plants and root systems should be carefully dug up while using plastic gloves and keeping skin fully covered. Plants should be disposed of in a plastic bag, and should never be burned. Herbicides specifically for poison ivy can be purchased, but may not be cost-effective when dealing with a large infestation. Other pesticides such as glyphosate can be used selectively on poison ivy plants, but care should be used not to spread the pesticide to desired plants. Sheep and goats can eat poison ivy without any known problems, so allowing them to graze in areas infested with poison ivy can also help reduce the presence of the plant."
"Poison Ivy"	"Animals_Affected"	"Humans. Animals are largely unaffected by poison ivy, so the primary concern is generally secondary contamination from an animal that has rubbed against the plant and is then touched by a person."
"Poison Ivy"	"Distribution"	"Poison ivy is native throughout the United States and southern Canada, although it is less common on the West Coast where poison oak is more prevalent. It grows in a wide variety of soils and locations including waste areas, woodlands, thickets, roadsides, clearings, and fencerows. "
"Poison Ivy"	"state"	""
"Poison Ivy"	"References_Used"	"Knight, A. P., & Walter, R. G. (2001). A guide to plant poisoning of animals in North America. Jackson, Wyo.: Teton NewMedia.
https://plants.ces.ncsu.edu/plants/all/toxicodendron-radicans/
http://www.missouribotanicalgarden.org/gardens-gardening/your-garden/help-for-the-home-gardener/advice-tips-resources/pests-and-problems/weeds/poison-ivy.aspx"
"Poke"	"Class"	"Plants"
"Poke"	"Category"	"Plants"
"Poke"	"Scientific_name"	"Phytolacca americana"
"Poke"	"Other_name"	"Pokeberry,Pokeweed"
"Poke"	"Description"	"Poke is an erect, branched, smooth herb with coarse, succulent, purplish stems; at maturity it is 3 to 10 feet tall. Its leaves, borne on short stalks, are alternately placed and ovate and are without teeth on their margins. Leaves grow up to about 5 inches long. Poke bears small white flowers on short flower stalks along separate branches at the growing tip of the plant and in the axils of the leaves. Each flower becomes a dark purple berry, flattened and spherical. The berries contain crimson juice and about 10 seeds each.
A perennial, poke comes up year after year from an enormous taproot but it is spread only by seed."
"Poke"	"Clinical_Signs"	"The eating of nonfatal quantities of poke, perhaps of the shoots, may cause retching or vomiting after two hours or more. These signs may be followed by dyspnea, perspiration, spasms, severe purging, prostration, tremors, watery diarrhea (often bloody) and, sometimes, convulsions. If a fatal quantity is eaten, perhaps including roots, the above signs are followed by paralysis of the respiratory organs and other narcotic effects, culminating in the death of the poisoned animal.
In Pigs:
Unsteadiness, inability to rise, retching.
Jerking movements of the legs.
Subnormal temperature.
In Cattle:
Same general signs plus a decrease in milk production. "
"Poke"	"Toxic_Principle"	"Saponins, believed to be the primary toxic constituents, are present in the berry juice and other parts.
Other toxic constituents have also been identified including the alkaloid phytolaccine (in small amounts) and the alkaloid phytolaccotoxin, as well as a glycoprotein.
If used as food, the water in which it is boiled must be thrown away. "
"Poke"	"Conditions_of_Poisoning"	"Cattle and sheep are the most susceptible species but poisoning occasionally occurs in horses, goats, and pigs. Animals may feed on poke plants, especially in the spring, when the plants are succulent. Where grass is short, the animals may browse so close as to get the top parts of the poke roots. Unless green herbage is very scarce later in the summer, animals will avoid the tops and berries."
"Poke"	"Control"	"Animals should not be grazed in pastures infested with poke, especially in the spring or during dry, hot periods. The most certain way to eliminate poke from wooded pastures, where the plants are likely to be numerous and where it may be difficult or impossible to use chemical weed-killers, is to dig the individual plants out by their roots. As poke is spread only by seed, it is important to destroy the plant before flowering. "
"Poke"	"Animals_Affected"	"Cattle, swine"
"Poke"	"Distribution"	"Poke is a herbaceous perennial and is native to North America. Though considered as a weed in Illinois, it is a source of food in some regions of the country. Its habitat ranges from the New England states to Florida and as far west as eastern Nebraska. Poke is frequent in open woods and occurs in waste places, along fence rows, about farmsteads, and in pastures if the soil is especially moist and rich."
"Poke"	"state"	"Florida,Illinois,Nebraska"
"Prairie Rattlesnake"	"Class"	"Animals"
"Prairie Rattlesnake"	"Category"	"Snake"
"Prairie Rattlesnake"	"Scientific_name"	"Crotalus viridis viridis"
"Prairie Rattlesnake"	"Distribution"	"In the United States, the Prairie Rattlesnake is widespread. It is found in Arizona, Colorado, Idaho, Kansas, Montana, Nebraska, New Mexico, North Dakota, Oklahoma, South Dakota, Texas, Utah, and Wyoming."
"Prairie Rattlesnake"	"state"	"Arizona,Colorado,Idaho,Kansas,Montana,Nebraska,New Mexico,North Dakota,Oklahoma,South Dakota,Texas,Utah,Wyoming"
"Purple Mint"	"Class"	"Plants"
"Purple Mint"	"Category"	"Plants"
"Purple Mint"	"Scientific_name"	"Perilla frutescens"
"Purple Mint"	"Description"	"Purple mint is an annual herb that is sometimes grown ornamentally or to be used as an ingredient in certain dishes. The plant generally grows to be 1-3 feet tall and is erect and often branching. The stem of the plant is usually a burgundy color (though sometimes green) and hairy, and the leaves are simple, opposite, and are green or purple. The edges of the leaves are coarsely serrated, and the leaves can grow to be up to 5 inches wide and 7 inches long, wider at the base and narrowing towards the tip. The flowers are small and vary in color from white to purple, and grow in clusters on flowering branches of the plant."
"Purple Mint"	"Clinical_Signs"	"Acute pulmonary emphysema, acute respiratory distress syndrome (ARDS), edema, death."
"Purple Mint"	"Toxic_Principle"	"Ketones."
"Purple Mint"	"Conditions_of_Poisoning"	"All parts of the plant are poisonous, but particularly the flowering branches. Dried plants can still be toxic, but the majority of the risk comes from consuming the plant while fresh, especially if flowers or fruit are present. Poisoning is mainly a concern during the late summer and early fall when the plant is flowering and other grasses and forages may be in short supply. Cattle normally do not feed on purple mint unless other food is not available, so it is important to have a ready supply of quality feed on hand for the animals to eat instead during this time of the year, and grazing in infested pastures should be limited during the flowering period."
"Purple Mint"	"Control"	"Effort should be made to look out for and remove the plant in late spring and early summer. It is difficult to control the plant in late summer and early fall, which is also when it becomes the most dangerous to livestock. Plants should be removed before flowering as the flowers are the most toxic part of the plant and to also prevent seed production and dispersal. Mowing the plants before seeds are produced will help prevent further spread as well. Avoid creating feed from areas infested with purple mint."
"Purple Mint"	"Animals_Affected"	"Cattle, horses, ruminants"
"Purple Mint"	"Distribution"	"Purple mint is found in the southeastern to midwestern United States. It can grow as a weed in the wild and can pop up anywhere in a pasture, although it prefers semi-shaded locations such as near buildings, the edges of wooded areas, and near fencerows."
"Purple Mint"	"state"	""
"Red Diamond Rattlesnake"	"Class"	"Animals"
"Red Diamond Rattlesnake"	"Category"	"Snake"
"Red Diamond Rattlesnake"	"Scientific_name"	"Crotalus exsul"
"Red Diamond Rattlesnake"	"Size"	"The average size of a mature Red Diamond Rattlesnake is 2.5 - 3.5 feet in length, with some getting as large as 5 feet."
"Red Diamond Rattlesnake"	"Description"	"The Red Diamond Rattlesnake is a heavy, thick-bodied snake. The body of the snake is reddish or reddish tan. Diamond-shaped blotches outlined in a cream color form a pattern along the snake's back. The diamond pattern often fades near the tail and turns into a banding pattern of broad black and white rings at the tail. The end of the tail has a rattle on it.
There is a cheek-stripe on both sides of the head that starts at the eye and runs diagonally down and backwards to the jaw. This stripe is outlined on both sides by cream-colored edges.
The Red Diamond Rattlesnake has elliptical pupils that look like cat's eyes and like all pit vipers, has a heat-sensing pit between the nostril and eye on each side of its head. The Red Diamond Rattlesnake has a large, triangular head that is wider than the neck when viewed from above."
"Red Diamond Rattlesnake"	"Distribution"	"In the United States, the Red Diamond Rattlesnake is found only in California."
"Red Diamond Rattlesnake"	"state"	"California"
"Red Widow"	"Class"	"Bugs"
"Red Widow"	"Category"	"Spider"
"Red Widow"	"Scientific_name"	"Latrodectus bishopi"
"Red Widow"	"Size"	"The average size of mature, female Red Widow spiders is approximately .5 inch, with a leg span of 1.5 to 2 inches. Mature, male Red Widow spiders are much smaller - approximately 1/3 the size of the female."
"Red Widow"	"Description"	"The cephalothorax (head) and legs of Red Widow spiders are a rusty-reddish color. The abdomen is black, and generally has rows of red or orange dots, which are outlined in white or yellow. Red Widow spiders do not typically have the well-known hourglass marking on the underside of their abdomen, but instead have only one single red mark, which resembles a flattened triangle."
"Red Widow"	"Distribution"	"The Red Widow is only found in central and southern Florida. It is not known to exist outside of the United States."
"Red Widow"	"Notes"	"Not much is known about the venom of Red Widow spiders, but it is assumed that it is similar to that of other species of widow spiders. As with all widow spiders, only the female of the species is considered dangerous. The much smaller male is considered harmless. Red Widow spiders are nocturnal, which means they are active during the nighttime."
"Red Widow"	"state"	"Florida"
"Reticulated Gila Monster"	"Class"	"Animals"
"Reticulated Gila Monster"	"Category"	"Lizard"
"Reticulated Gila Monster"	"Scientific_name"	"Heloderma suspectum suspectum"
"Reticulated Gila Monster"	"Size"	"Mature Reticulated Gila Monsters can reach up to two feet in length, and can weigh up to 3 pounds."
"Reticulated Gila Monster"	"Description"	"Reticulated Gila Monsters are black, with blotched patterns of pink, yellow, or orange. They have a large head, fat body, and a thick tail that usually has several bands around it. Their face and feet are typically colored black."
"Reticulated Gila Monster"	"Distribution"	"The Reticulated Gila Monster is also called the Southern subspecies or the Southern Gila Monster. In the United States, the Reticulated Gila Monster is found in western Arizona and southwestern New Mexico. Outside of the United States, it is found in Northwestern Mexico."
"Reticulated Gila Monster"	"Notes"	"Gila Monsters do not have fangs like venomous snakes. The teeth in their lower jaw contain two grooves. When the Gila Monster bites, venom from glands in their lower jaw flows up the grooves into the wound. The Gila Monster will chew on its victim to facilitate the flow of venom. The Gila Monster has powerful jaws, a strong bite, and is said to hold on like a bulldog."
"Reticulated Gila Monster"	"state"	"All"
"Rhododendron"	"Class"	"Plants"
"Rhododendron"	"Category"	"Plants"
"Rhododendron"	"Scientific_name"	"Rhododendron"
"Rhododendron"	"Other_name"	"Azalea"
"Rhododendron"	"Description"	"Rhododendron is a genus of a shrub with about 800 species worldwide. Its ovate evergreen or deciduous leaves are alternate, 1/2 - 8 inches in length depending on variety, with smooth untoothed margins. They are dark green with a glossy upper surface and a dull underside. Large trusses of bell-shaped flowers bloom from spring to early summer. Plants are available with flowers in colors such as white, purple, deep rose, red, yellow, and orange. Rhododendron and the closely related azalea have been hybridized for many uses in gardens and rarely reach above 3-5 feet tall in northern states including Illinois. 
Parts that are deadly/not deadly: All parts are toxic, but the leaves and the nectar contain a toxin that is more detrimental. These can obstruct the rhythm of the heart causing an arrhythmia or cardiac arrest. Clinical signs are usually observed within a few minutes to three hours of ingestion."
"Rhododendron"	"Clinical_Signs"	"Clinical signs usually appear within 6 hours of ingestion. Affected animals may experience anorexia, depression, acute digestive upset, hypersalivation, nasal discharge, epiphora, projectile vomiting, frequent defecation, and repeated attempts to swallow. There also may be weakness, incoordination, paralysis of the limbs, stupor, and depression. Aspiration of vomit is common in ruminants and results in dyspnea and often death. Pupillary reflexes may be absent. Coma precedes death. Animals may remain sick for more than 2 days and gradually recover.
Burning, numbness, and tingling sensation in the mouth, lips, and throat, excessive salivation, nausea and vomiting, abdominal pain and diarrhea, dizziness and weakness. If it is severe there are more like, low blood pressure (hypotension), slow or irregular heart rate (bradycardia, arrhythmia), blurred vision or temporary blindness, confusion or loss of balance, difficulty breathing, muscle weakness or paralysis, tremors or seizures. In extreme cases, coma and death can occur."
"Rhododendron"	"Toxic_Principle"	"All parts of this plant contain toxic resins (andromedotoxins, now commonly referred to as grayanotoxin) with the leaves being the most potent. Grayanotoxin produces gastrointestinal irritation with some hemorrhage, secondary aspiration pneumonia, and sometimes renal tubular damage and mild liver degeneration. "
"Rhododendron"	"Conditions_of_Poisoning"	"All parts of the plant, but especially the foliage, contain the poison, and consuming two or three leaves may produce severe toxicosis. Sucking flowers free of nectar may produce serious illness. Rhododendrons are more likely to retain green leaves year round than are most other plants, and therefore most cases of poisoning occur in the winter and early spring, when other forage is unavailable. "
"Rhododendron"	"Treatment"	"What to do if you get poisoned: First call your local Poison Control Center or emergency services (911 in the US) right away, don't wait for severe symptoms. If possible, safely take a picture or a small sample of the plant with you to show medical professionals. If the person is conscious, have them rinse their mouth and drink small sips of water to help wash down any residue."
"Rhododendron"	"Animals_Affected"	"Dogs, cats, horses, cattle, sheep, goats, humans (from consumption of the plant, rhododendron tea, and/or honey made from rhododendron pollen)."
"Rhododendron"	"Distribution"	"In Illinois, most species found are ornamental types that usually thrive in protected areas of gardens. Tall, wild varieties can reach over 35 feet high, and are found throughout the coastal mountain ranges from New York to Georgia. Designated as West Virginia's state flower, rhododendrons are particularly abundant in the Great Smoky and the Blue Ridge mountains. Species in the Pacific northwest from northern California to British Columbia vary in heights. "
"Rhododendron"	"state"	"California,Georgia,Illinois,New York,Virginia,West Virginia"
"Rhododendron"	"References_Used"	"Knight, A. P., & Walter, R. G. (2001). A guide to plant poisoning of animals in North America. Jackson, Wyo.: Teton NewMedia.
https://www.aspca.org/pet-care/animal-poison-control/toxic-and-non-toxic-plants/rhododendron
https://csuvth.colostate.edu/poisonous_plants/Plants/Details/111"
"Rhubarb"	"Class"	"Plants"
"Rhubarb"	"Category"	"Plants"
"Rhubarb"	"Scientific_name"	"Rheum rhaponticum"
"Rhubarb"	"Description"	"Rhubarb is a perennial herb that is generally kept as a cultivated plant for use as a food item or as an ornamental plant either indoors or in a landscape. The leaves of the plant are large and heart-shaped with a thick, reddish petiole. Flowers are green to white, small, and grow in a dense panicle on the end of a flowering stem. Fruits are winged and reddish-brown when mature. Roots are large and fleshy."
"Rhubarb"	"Clinical_Signs"	"Kidney failure, tremors, salivation, abdominal cramps, burning sensation in mouth and throat, headache, weakness, nausea, vomiting, coma and death if large quantities eaten."
"Rhubarb"	"Toxic_Principle"	"Soluble calcium oxalates."
"Rhubarb"	"Conditions_of_Poisoning"	"The toxin is transmitted through consumption of the leaves of the plant. The leaves are toxic when raw and the leaf blade remains toxic even after cooking and should never be eaten. The leaf stem contains less of the toxin and is generally safe to eat after being cooked, although consuming very large amounts (multiple pounds) of the cooked stems can cause symptoms of poisoning. Cooking the rhubarb with calcium carbonate will also help neutralize the toxin by converting the soluble calcium oxalates to insoluble calcium oxalates."
"Rhubarb"	"Animals_Affected"	"Humans, livestock, dogs, cats, horses"
"Rhubarb"	"Distribution"	"As a domestic plant, rhubarb is found all across the United States in homes, gardens, farms, and landscapes. Rhubarb is sometimes found in the wild as an escaped plant, and prefers moist, fertile soils."
"Rhubarb"	"state"	""
"Rhubarb"	"References_Used"	"Knight, A. P., & Walter, R. G. (2001). A guide to plant poisoning of animals in North America. Jackson, Wyo.: Teton NewMedia.
https://www.aspca.org/pet-care/animal-poison-control/toxic-and-non-toxic-plants/rhubarb"
"Rottweilers"	"Class"	"Animals"
"Rottweilers"	"Category"	"Dogs"
"Rottweilers"	"Clinical_Signs"	"Redness and Swelling, Bruising, and Numbness or Tingling."
"Rottweilers"	"Treatment"	"Immediate first aid and seek professional medical attention."
"Rottweilers"	"Notes"	"Also one of the most dangerous dogs."
"Russell's Recluse"	"Class"	"Bugs"
"Russell's Recluse"	"Category"	"Spider"
"Russell's Recluse"	"Scientific_name"	"Loxosceles russelli"
"Russell's Recluse"	"state"	"California"
"Short-tail Stingray"	"Class"	"Animals"
"Short-tail Stingray"	"Category"	"Stingray"
"Short-tail Stingray"	"Clinical_Signs"	"immediate, severe, burning pain at the wound site, often accompanied by bleeding, swelling, and redness"
"Short-tail Stingray"	"Treatment"	"Exit the water, gently remove debris, and soak the injured area in hot water."
"Short-tail Stingray"	"Notes"	"It hurts."
"Smooth Stingray"	"Class"	"Animals"
"Smooth Stingray"	"Category"	"Stingray"
"Smooth Stingray"	"Description"	"Local wound infections, osteomyelitis, septic arthritis, and potentially life-threatening conditions such as necrotizing fasciitis and tetanus."
"Smooth Stingray"	"Clinical_Signs"	"immediate, severe pain at the wound site, along with swelling and bleeding."
"Smooth Stingray"	"Treatment"	"soak the wound in very hot water to neutralize the venom and alleviate the intense pain."
"Smooth Stingray"	"Notes"	"VERY PAINFUL ??"
"Snakeroot, White"	"Class"	"Plants"
"Snakeroot, White"	"Category"	"Plants"
"Snakeroot, White"	"Scientific_name"	"Eupatorium rugosum Hout"
"Snakeroot, White"	"Other_name"	"Eupatorium urticaefolium"
"Snakeroot, White"	"Description"	"White snakeroot is an erect, branched herb usually about 3 feet tall but varying from 1 to 5 feet. It has slender, round stems and branches bearing pointed, oval, oppositely placed leaves. These leaves, 3 to 5 inches long and petioled, are sharply toothed on the margins. Each leaf has 3 main veins that show prominently on the underside. The roots are fibrous, coarse, and shallow. 
Snakeroot with Flowers
In late summer, numerous small heads of minute white flowers appear at the top of the stem and the ends of the branches. These flower heads, except that they are white, are almost exactly like the flower heads of the familiar ageratum of gardens. Later the flowers are replaced in the heads by small black seeds each with a crown of soft white hairs.
Because the leaves of white snakeroot resemble those of the nettle, other plants with nettle-like leaves are often mistaken for it. Two such plants are the nettle-leaved sage and the nettle-leaved vervain. Even without flowers or fruit, these plants can be easily distinguished from white snakeroot. The nettle-leaved sage, a rare plant in some southern Illinois counties, has square stems; white snakeroot stems are round. The nettle-leaved vervain, a common weed throughout Illinois, has lance-shaped leaves; white snakeroot leaves are broad at the base but narrow quickly in a wedge-shaped part to the petiole."
"Snakeroot, White"	"Clinical_Signs"	"White snakeroot can endanger the lives of persons and animals other than those that have actually eaten the plant. Consumption of the plant may also affect the flavor and odor of the milk produced by the poisoned animal.
In Cattle and Sheep: 
Although animals that have fed on white snakeroot may be listless and somewhat inactive at first, the first noticeable manifestations of poisoning are loss of weight and trembling following exercise. Trembling is especially marked in the muzzle and legs. As poisoning progresses, cattle lose appetite, become constipated, lose weight, and gradually become weaker until they are not able to stand. Additional signs may include a peculiar odor to the breath and urine, excessive salivation, and quickened, difficult breathing. Later, complete relaxation without tremors and coma are seen, with death following in 2-10 days.
The clinical signs that are exhibited by poisoned sheep are similar to those shown by cattle. Death may occur in a few days or may be delayed.
In cases of chronic poisoning, post-mortem examination generally reveals extensive degenerative changes in the liver and kidney.
In Horses:
The onset of clinical signs in white snakeroot poisoned horses is within 2 days to 3 weeks after initial ingestion (usually after at least several days of ingestion). The major effects are related to congestive heart failure. Tremors are inconsistently observed in horses with white snakeroot poisoning. Horses may stand with legs wide apart. Sweating may be evident especially between rear legs, and stumbling in the rear legs may be noted when horses are turned. Severe depression, bloody urine, and/or choking may also occur. Sometimes swelling is present in the lower neck area, near the thoracic inlet. They may exhibit a jugular pulse and a rapid heart rate. Changes in electrocardiogram include increased heart rate, ST elevation, and variable QRS complexes, and ventricular premature beats. Cardiac arrhythmias are often present.
In Guinea Pigs:
The refusal to eat by the animal is the first sign, followed by listlessness and crouching with half-closed eyes. The hair becomes rough. Muscular tremors may not be noticeable, but complete lack of muscular coordination and stupor precede death. (White snakeroot poisoning, by R. Graham and V.M. Michael. Circular #436, University of Illinois College of Agriculture,1935.)"
"Snakeroot, White"	"Toxic_Principle"	"The apparent toxic principle in white snakeroot has been given the trivial name tremetol. It has been described as a fat-soluble, high molecular weight alcohol.
Crude tremetol, was later shown to be separable into a toxic ketone fraction (61%) (tested in goldfish) and a nontoxic sterol fraction (39%). The ketone fraction was later separated into tremetone, dihydrotremetone, and hydroxytremetone. These may all be components of a fragile tremetol molecule."
"Snakeroot, White"	"Conditions_of_Poisoning"	"An animal may die from eating either a large amount of white snakeroot at one time or small amounts over a long period. The eating of small quantities more or less continuously gives rise to the animal disease known as trembles. It is also the cause of the well-known and much-feared milk sickness of man -- a disease that is contracted from drinking milk or eating milk products from poisoned cows. Milk sickness claimed thousands of lives in the early 1800s, with perhaps the most well-known victim being Abraham Lincoln's mother. Nursing calves and lambs may die from mothers' milk that is contaminated with snakeroot even though the mother animals show no signs of poisoning. Cattle, horses, and sheep are the animals most often poisoned. "
"Snakeroot, White"	"Control"	"During the dry period of late summer, animals should not be pastured in woods or fields where there is white snakeroot. If the pasture is known to be infested, animals should be moved out of it within the first few days of July and should not be returned to it until the following year.
Eradication of white snakeroot is not easy. Chemical weed-killers cannot be used satisfactorily, because they endanger trees and other plants of the pasture. The best way to reduce the number of the plants is to pull them out by the roots and burn them; the best time to do this is in September, when the plants are more easily identified by their white blossoms. If the plants are pulled after a hard rain while the ground is soft, the shallow roots come out readily."
"Snakeroot, White"	"Animals_Affected"	"Cattle, sheep, horses, guinea pigs"
"Snakeroot, White"	"Distribution"	"White snakeroot is found in woods of all types and along streams in wooded pastures throughout the Midwest. It persists after woods are cut, and often may be found many years after the land has been cleared, although usually in such areas it occurs only as scattered unthrifty plants. In prairie regions, it is not often found except in the woods bordering streams."
"Snakeroot, White"	"state"	""
"Snakeroot, White"	"References_Used"	"Knight, A. P., & Walter, R. G. (2001). A guide to plant poisoning of animals in North America. Jackson, Wyo.: Teton NewMedia."
"Solitary Bees"	"Class"	"Bugs"
"Solitary Bees"	"Category"	"Bees"
"Solitary Bees"	"Clinical_Signs"	"A solitary bee sting is a rare occurrence that results in a mild, localized reaction, most often described as a \pinch\. Only female solitary bees possess a stinger, and unlike honeybees, they are not aggressive and have no hive or honey to defend, so they only sting if trapped or handled roughly. For most people, a solitary bee sting is far less painful than a honeybee sting and may leave a small, temporary welt with slight redness and itching. In many cases, the stinger is too weak to penetrate human skin. However, some smaller species, like certain ground-nesting bees, may produce a more noticeable sting. While the sting is not life-threatening for most people, those with a bee venom allergy could still have a severe reaction."
"Sonoran Desert Sidewinder"	"Class"	"Animals"
"Sonoran Desert Sidewinder"	"Category"	"Snake"
"Sonoran Desert Sidewinder"	"Scientific_name"	"Crotalus cerastes cercobombus"
"Sonoran Desert Sidewinder"	"Size"	"The average size of a mature Sonoran Desert Sidewinder is 1.5 - 2 feet, with some getting as large as 2.5 feet in length."
"Sonoran Desert Sidewinder"	"Description"	"The Sonoran Desert Sidewinder looks as if it has horns over its eyes and is sometimes called the horned rattlesnake. These horns are actually upturned scales, and are not truly horns. The body is typically a sandy tan, gray, or cream color and is patterned with dark blotches of brown or grey on the back and sides. There is a dark cheek-stripe on both sides of the head that starts at the eye and runs diagonally down and backwards above the mouthline. The tail often has a few to several rings. The end of the tail has a rattle on it.
The Sidewinder gets its name from the unique sidewinding motion it uses to move. The sidewinding motion is used to move across loose sand without slipping. The sidewinder leaves a series of J marks in the sand.
The Sonoran Desert Sidewinder has elliptical pupils that look like cat's eyes and like all pit vipers, has a heat-sensing pit between the nostril and eye on each side of its head."
"Sonoran Desert Sidewinder"	"Distribution"	"In the United States, the Sonoran Desert Sidewinder is found only in Arizona."
"Sonoran Desert Sidewinder"	"state"	"Arizona"
"Southern Black Widow"	"Class"	"Bugs"
"Southern Black Widow"	"Category"	"Spider"
"Southern Black Widow"	"Scientific_name"	"Latrodectus mactans"
"Southern Black Widow"	"Size"	"The average size of mature, female Southern Black Widow spiders is approximately .5 inch, with a leg span of 1.5 to 2 inches. Mature, male Southern Black Widow spiders are much smaller - approximately 1/3 the size of the female."
"Southern Black Widow"	"Description"	"Southern Black Widow spiders are a glossy jet-black, with a bright-red hourglass marking on the underside of their abdomen. They generally have a red dot on the very back end of the abdomen, just above the spinnerets as well. The hourglass of the Southern Black Widow is typically complete; with the bottom half (farthest from the head) having more rounded or squared corners, making the hourglass similar to an anvil in appearance.
In addition to the typical hourglass marking on the underside of their abdomen, immature Black Widow spiders can vary greatly in the way they are marked on the top of their back. Typically they have red or white spots running down the middle of their back. Sometimes they will also have red and white markings patterned down the sides of the abdomen."
"Southern Black Widow"	"Distribution"	"The Southern Black Widow is found throughout the eastern United States, being most common in the southeast states. Outside of the United States, the Southern Black Widow is found in eastern Mexico and the West Indies."
"Southern Black Widow"	"Notes"	"As with all widow spiders, only the female of the species is considered dangerous. The much smaller male is considered harmless. Southern Black Widow spiders are nocturnal, which means they are active during the nighttime. They spend most of their time hanging \upside down\ in their web, which often makes the hourglass marking immediately visible.
Southern Black Widow spiders are typically not aggressive, and bite as a defensive measure when they are attacked or feel threatened. They will often retreat into hiding, but are more protective of their web when there are egg sacs present.
As can be seen in the photo below, the egg sac of the Southern Black Widow is grayish-tan colored, and round."
"Southern Black Widow"	"state"	"Alabama,Arkansas,Florida,Georgia,Hawaii,Kentucky,Louisiana,Maryland,Mississippi,Missouri,North Carolina,Ohio,Oklahoma,Pennsylvania,South Carolina,Tennessee,Texas,Virginia,West Virginia"
"Southern Copperhead"	"Class"	"Animals"
"Southern Copperhead"	"Category"	"Snake"
"Southern Copperhead"	"Scientific_name"	"Agkistrodon contortrix contortrix"
"Southern Copperhead"	"Size"	"The average size of a mature Southern Copperhead is 2.5 - 3 feet in length. Some reach up to 4 feet in length, with a record length of 53 inches. The Southern Copperhead is generally larger than the other Copperhead subspecies."
"Southern Copperhead"	"Description"	"The Copperhead gets it name from the copper-red color of the top of its head, similar to the color of a penny. The body of the Southern Copperhead is generally a light tan to pinkish-tan, with dark brown to reddish-brown bands. These bands are hourglass shaped, being obviously thinner across the spine and wider on the sides of the snake. The two halves of the hourglass often do not touch each other on the Southern Copperhead, which gives the appearance of dark brown or reddish-brown triangles on each side of the Southern Copperhead, rather than the complete hourglass. The inside of the hourglass pattern is usually lighter on the sides of the body. There may sometimes be one or two darker brown marks between the bands on the back of the body, and one inside the bands on the sides of the body. These spots are not as obvious as the banding, and are many times fainter in color or non-existent.
Young Southern Copperheads are patterned like mature Southern Copperheads, but are often grayer in color, and the tip of the tail on young Southern Copperheads is yellow. The yellow tail is used to attract food. It is wiggled in a motion imitating a worm or caterpillar, which attract frogs, lizards, or other prey that the young Southern Copperhead eats.
The Southern Copperhead has elliptical pupils that look like cat's eyes and like all pit vipers, has a heat-sensing pit between the nostril and eye on each side of its head. The Southern Copperhead has a large, triangular head that is wider than the neck when viewed from above."
"Southern Copperhead"	"Distribution"	"In the United States, the Southern Copperhead is found in the southeastern states. These include Alabama, Arkansas, Florida, Georgia, Illinois, Kentucky, Louisiana, Mississippi, Missouri, North Carolina, Oklahoma, South Carolina, Tennessee, and Texas."
"Southern Copperhead"	"Notes"	"When the Southern Copperhead is disturbed or feels threatened, it will often coil up its body, and raise its head at a 45-degree angle from the ground in a defensive posture. It will often vibrate its tail when disturbed as well.
The Southern Copperhead is born with the ability to bite and inject venom, and is fully capable of inflicting a venomous bite from birth."
"Southern Copperhead"	"state"	"Alabama,Arkansas,Florida,Georgia,Illinois,Kentucky,Louisiana,Mississippi,Missouri,North Carolina,Oklahoma,South Carolina,Tennessee,Texas"
"Southern Pacific Rattlesnake"	"Class"	"Animals"
"Southern Pacific Rattlesnake"	"Category"	"Snake"
"Southern Pacific Rattlesnake"	"Scientific_name"	"Crotalus oreganus helleri"
"Southern Pacific Rattlesnake"	"Distribution"	"In the United States, the Southern Pacific Rattlesnake is found only in California."
"Southern Pacific Rattlesnake"	"state"	"California"
"Southwestern Speckled Rattlesnake"	"Class"	"Animals"
"Southwestern Speckled Rattlesnake"	"Category"	"Snake"
"Southwestern Speckled Rattlesnake"	"Scientific_name"	"Crotalus mitchellii pyrrhus"
"Southwestern Speckled Rattlesnake"	"Distribution"	"In the United States, the Southwestern Speckled Rattlesnake is found in Arizona, California, Nevada, and Utah."
"Southwestern Speckled Rattlesnake"	"state"	"Arizona,California,Nevada,Utah"
"St John's Wort"	"Class"	"Plants"
"St John's Wort"	"Category"	"Plants"
"St John's Wort"	"Scientific_name"	"Hypericum perforatum"
"St John's Wort"	"Description"	"St. John's Wort is an herbaceous perennial that is erect and grows up to 3 feet tall. It has many opposite branches and an extensive rhizomatous root system. The leaves are opposite, elliptic to oblong, and may have tiny, dot-like translucent or black glands. The flowers are bright yellow, star-shaped with five petals that have black dots on the margins, and have many stamens."
"St John's Wort"	"Clinical_Signs"	"Photosensitization, skin reddening, swelling, ulcers, sloughing of skin. Symptoms only develop when the poisoned animal is exposed to sunlight, and are generally limited to areas of the animal that are lightly pigmented or do not have thick fur to block sunlight."
"St John's Wort"	"Toxic_Principle"	"Hypericin, which is a photoreactive pigment contained in the glands found on the leaves and flowers. The highest concentration of hypericin is found in the black glands, while the transparent glands contain protohypericin. Poisoning in cattle occurs after consuming about 1% of their body weight, while sheep must eat about 4% of their body weight to develop symptoms. "
"St John's Wort"	"Conditions_of_Poisoning"	"Poisoning occurs after the plant is ingested and the animal is exposed to sunlight. Drying does not inactivate the toxin, so ingesting hay made from St. John's Wort can also produce symptoms. The young plants are as poisonous as the mature plants and seem to be more palatable to livestock. The amount of toxin present in the plant is dependent on the growing conditions of the plant and can vary."
"St John's Wort"	"Control"	"Animals should not be allowed to graze in areas where St. John's Wort is present, particularly animals with light skin or which lack a heavy layer of fur that will block sunlight."
"St John's Wort"	"Animals_Affected"	"Humans, cattle, sheep, horses, cats, dogs"
"St John's Wort"	"Distribution"	"St. John's Wort is found as a weed throughout most of North America, but it is particularly common in the northwest. It grows in dry, disturbed soils such as roadsides, fields, and waste spaces. It is also intentionally cultivated for use as an herbal medicine to treat depression, anxiety, and insomnia."
"St John's Wort"	"state"	""
"St John's Wort"	"References_Used"	"Knight, A. P., & Walter, R. G. (2001). A guide to plant poisoning of animals in North America. Jackson, Wyo.: Teton NewMedia.
https://www.aspca.org/pet-care/animal-poison-control/toxic-and-non-toxic-plants/st-johns-wort
http://www.missouribotanicalgarden.org/PlantFinder/PlantFinderDetails.aspx?kempercode=e198
https://csuvth.colostate.edu/poisonous_plants/Plants/Details/43"
"Stripebacked Scorpion"	"Class"	"Bugs"
"Stripebacked Scorpion"	"Category"	"Scorpion"
"Stripebacked Scorpion"	"Scientific_name"	"Centruroides vittatus"
"Stripebacked Scorpion"	"Size"	"The average length of mature Bark Scorpions is 1.5 inches."
"Stripebacked Scorpion"	"Description"	"The Arizona Bark Scorpion is typically a golden-yellow color or very light brown.. It has a slender tail and pincers."
"Stripebacked Scorpion"	"Distribution"	"In the United States, the Arizona Bark Scorpion is found in Arizona, California, Nevada, New Mexico and Utah. Outside of the United States, it is found in Northwestern Mexico."
"Stripebacked Scorpion"	"Notes"	"This species has a very painful sting. Although once an extremely feared scorpion that's sting was considered lethal, research suggests that this species probably poses no serious threat to a healthy adult. The sting of this species is, however, considered to be medically significant and can be dangerous and potentially lethal to children or the elderly."
"Stripebacked Scorpion"	"state"	"All,All"
"Tarantulas"	"Class"	"Bugs"
"Tarantulas"	"Category"	"Spider"
"Tarantulas"	"Clinical_Signs"	"Look of bite: two cut mark and red and puffy
Feeling of bite: a lot like a bee sting, with pain in the area of the bite. It will look like a bee sting, too, with redness and some swelling. Because the tarantula's venom (poison) is weak, it's unusual to have more severe reactions involving other parts of the body
Death"
"Tarantulas"	"Treatment"	"Cure: But the pain can be managed with cool compresses (such as ice packs) and over-the-counter pain relievers (such as acetaminophen or ibuprofen). People bitten by tarantulas should check with their healthcare provider to see if their tetanus immunization is up-to-date."
"Texas Coral Snake"	"Class"	"Animals"
"Texas Coral Snake"	"Category"	"Snake"
"Texas Coral Snake"	"Scientific_name"	"Micrurus tener"
"Texas Coral Snake"	"Size"	"The average size of mature Texas Coral Snakes is 2 to 3 feet in length. They can grow much larger, with a current record of 47.75 inches, but that is rare."
"Texas Coral Snake"	"Description"	"Texas Coral Snakes are colorful snakes. They have rings of black, yellow, and red around their bodies. The yellow rings are very thin compared to the black and red rings. The red rings of Texas Coral Snakes typically have scattered black speckles in them. The last several inches of the tail of the Texas Coral Snake contains several rings of black and yellow, without the red rings. Several other snakes are colored similarly, with black, yellow, and red rings, but there is a phrase to help identify coral snakes from these other look-alikes:
Red touches yellow - kill a fellow
Red touches black - venom lack
There are several different versions of this simple rhyme, but the key to it is - if the red and yellow bands touch, it's probably a coral snake. Another quick identifying feature is that the coral snake's head or nose is typically black. There are exceptions to this rule, but if the nose is black, it's probably a coral snake. If you are unsure what kind of snake it is, leave it alone.
Like all coral snakes, Texas Coral Snakes have small, fixed fangs in the front of their mouth. They do not have hinged fangs like the pit vipers."
"Texas Coral Snake"	"Distribution"	"In the United States, the Texas Coral Snake is found in Arkansas, Louisiana, and Texas."
"Texas Coral Snake"	"Notes"	"Texas Coral Snakes are secretive and shy snakes that are rarely seen. When they are disturbed or feel threatened, they will often hide their head under their body, coil the end of their tail tightly and then raise their tail and move it in the air in an attempt to fool an attacker into thinking the tail is actually the head.
Texas Coral Snakes are highly venomous snakes, but bites are relatively rare. Most bites occur when a snake is stepped on, or when someone attempts to handle a Texas Coral Snake. Some say that the mouth of Texas Coral Snakes are so small that they can only bite fingers or loose folds of skin - this is simply not true."
"Texas Coral Snake"	"state"	"Arkansas,Louisiana,Texas"
"Texas Recluse"	"Class"	"Bugs"
"Texas Recluse"	"Category"	"Spider"
"Texas Recluse"	"Scientific_name"	"Loxosceles devia"
"Texas Recluse"	"Size"	"The average size of mature Texas Recluse spiders is approximately 1/3 of an inch, with a leg span of 1 to 1.5 inches. Male and female are similar in size."
"Texas Recluse"	"Description"	"Texas Recluse spiders are generally yellowish-brown to tan in color. The typical violin shaped marking of the recluse spiders is not apparent on the Texas Recluse. The abdomen is a uniform color, with no markings on it.
Texas Recluse spiders, and the other related recluse spiders, have six eyes arranged in three pairs of two. This is a rather unique feature, as most spiders have eight eyes. A magnified view of the eyes can be seen in a photo below."
"Texas Recluse"	"Distribution"	"The Texas Recluse is found in Texas. Outside of the United States, the Texas Recluse is found in Mexico."
"Texas Recluse"	"Notes"	"The Texas Recluse is assumed to have a necrotic bite like that of other recluse spiders, though little is actually known about its venom. A necrotic bite causes severe damage to the skin and surrounding tissue, resulting in a large open sore, called a necrotic lesion, that takes a long time to heal.
Often the Recluse spiders are called Violin Spiders or Fiddleback Spiders, because of the characteristic violin marking. Not all recluse spiders have the Violin marking, such as the Texas Recluse which lacks the violin. Recluse spiders are also called Brown Spiders in some areas.
Magnified eyes of a recluse spider. Note there are only six eyes, arranged in three pairs. Most spiders have eight eyes."
"Texas Recluse"	"state"	"Texas"
"Textile Cone"	"Class"	"Animals"
"Textile Cone"	"Category"	"Snail"
"Textile Cone"	"Clinical_Signs"	"initial sharp pain, burning, or numbness at the sting site, followed by potential swelling and skin discoloration"
"Textile Cone"	"Treatment"	"Call for help, remain calm, apply a pressure immobilization bandage, clean the wound, keep the person still, and do not attempt home remedies."
"Textile Cone"	"Notes"	"Very Very Deadly"
"Tiger Rattlesnake"	"Class"	"Animals"
"Tiger Rattlesnake"	"Category"	"Snake"
"Tiger Rattlesnake"	"Scientific_name"	"Crotalus tigris"
"Tiger Rattlesnake"	"Size"	"The average size of a mature Tiger Rattlesnake is 1.5 - 2.5 feet in length, with some getting as large as 3 feet."
"Tiger Rattlesnake"	"Description"	"The Tiger Rattlesnake is a relatively small snake. The body of the snake is brown, grey, or sometimes pinkish-grey. The snake is marked by many grey or brown crossbands. These crossbands are made up of many poorly defined dots. The end of the tail has a rattle on it.
The Tiger Rattlesnake has elliptical pupils that look like cat's eyes and like all pit vipers, has a heat-sensing pit between the nostril and eye on each side of its head. The head of the Tiger Rattlesnake is triangular and slightly larger than the body."
"Tiger Rattlesnake"	"Distribution"	"In the United States, the Tiger Rattlesnake is found only in Arizona"
"Tiger Rattlesnake"	"state"	"Arizona"
"Timber Rattlesnake"	"Class"	"Animals"
"Timber Rattlesnake"	"Category"	"Snake"
"Timber Rattlesnake"	"Scientific_name"	"Crotalus horridus"
"Timber Rattlesnake"	"Size"	"The average size of a mature Timber Rattlesnake is 3 - 5 feet in length, with some getting as large as 6 feet."
"Timber Rattlesnake"	"Description"	"The Timber Rattlesnake is a heavy, thick-bodied snake. The body of the snake can vary greatly in color. Timber Rattlesnakes were once categorized by scientists as two different subspecies, but have since been grouped as a single species.
Northern Timber Rattlesnakes, generally called Timber Rattlesnakes, are typically a yellowish-brown or grey. The head has no markings on it and is simply the color of the body. On the front of the body there are dark black blotches on the back and sides of the Timber Rattlesnake. About a third of the body down from the head, the dark blotches start to touch and form bands across the back of the Timber Rattlesnake.
Southern Timber Rattlesnakes, generally called Canebrake Rattlesnakes, are typically yellowish, pinkish-grey, brown, or grey. A reddish-brown or rust colored stripe runs along the spine. The back is banded with black chevron shaped bands that appear to cover the reddish-brown stripe. There is sometimes, but not always, a dark stipe on both sides of the head that starts at the eye and runs diagonally down and backwards to the jaw.
On both the Northern and Southern Timber Rattlesnakes, the tail is completely black and ends with rattle on it.
The Timber Rattlesnake has elliptical pupils that look like cat's eyes and like all pit vipers, has a heat-sensing pit between the nostril and eye on each side of its head. The Timber Rattlesnake has a large, triangular head that is wider than the neck when viewed from above."
"Timber Rattlesnake"	"Distribution"	"In the United States, the Timber Rattlesnake is found in almost every eastern state, although it is a protected species in most areas."
"Timber Rattlesnake"	"state"	"Alabama,Arkansas,Connecticut,Florida,Georgia,Illinois,Indiana,Iowa,Kansas,Kentucky,Louisiana,Maine,Maryland,Massachusetts,Minnesota,Mississippi,Missouri,Nebraska,New Hampshire,New Jersey,New York,North Carolina,Ohio,Oklahoma,Pennsylvania,South Carolina,Tennessee,Texas,Vermont,Virginia,West Virginia,Wisconsin"
"Trans Pecos Copperhead"	"Class"	"Animals"
"Trans Pecos Copperhead"	"Category"	"Snake"
"Trans Pecos Copperhead"	"Scientific_name"	"Agkistrodon contortrix pictigaster"
"Trans Pecos Copperhead"	"Size"	"The average size of a mature Trans-Pecos Copperhead is 2 - 3 feet in length. It is one of the smaller Copperhead subspecies."
"Trans Pecos Copperhead"	"Description"	"The Copperhead gets it name from the copper-red color of the top of its head, similar to the color of a penny. The body of the Trans-Pecos Copperhead is generally a light tan to reddish-tan, with dark brown to reddish-brown bands. These bands are wider than the light space between them, hence the name. The bands also are not always thinner across the spine as they are in other Copperhead subspecies. The bands of the Trans-Pecos Copperhead are typically darker near the edges. The bands sometimes contain a few small, dark spots. The Trans-Pecos Copperhead usually has a lighter patch of color at the base of each band, and has a strongly patterned belly.
Young Trans-Pecos Copperheads are patterned like mature Trans-Pecos Copperheads, but are often grayer in color, and the tip of the tail on young Trans-Pecos Copperheads is greenish-yellow. The Greenish-yellow tail is used to attract food. It is wiggled in a motion imitating a worm or caterpillar, which attract frogs, lizards, or other prey that the young Trans-Pecos Copperhead eats. The tip of the tails of mature Trans-Pecos Copperheads tend to retain a slightly greenish color.
The Trans-Pecos Copperhead has elliptical pupils that look like cat's eyes and like all pit vipers, has a heat-sensing pit between the nostril and eye on each side of its head. The Trans-Pecos Copperhead has a large, triangular head that is wider than the neck when viewed from above."
"Trans Pecos Copperhead"	"Distribution"	"In the United States, the Trans-Pecos Copperhead is found only in Texas."
"Trans Pecos Copperhead"	"Notes"	"When the Trans-Pecos Copperhead is disturbed or feels threatened, it will often coil up its body, and raise its head at a 45-degree angle from the ground in a defensive posture. It will often vibrate its tail when disturbed as well.
The Trans-Pecos Copperhead is born with the ability to bite and inject venom, and is fully capable of inflicting a venomous bite from birth."
"Trans Pecos Copperhead"	"state"	"Texas"
"Tucson Recluse"	"Class"	"Bugs"
"Tucson Recluse"	"Category"	"Spider"
"Tucson Recluse"	"Scientific_name"	"Loxosceles sabina"
"Tucson Recluse"	"state"	"Arizona"
"Tulip"	"Class"	"Plants"
"Tulip"	"Category"	"Plants"
"Tulip"	"Scientific_name"	"Tulipa"
"Tulip"	"Description"	"Tulips are a popular spring ornamental that are often grown as an indoor or garden plant. The leaves of the plant are long, narrow, and alternate. The flowers often grow singularly and have six tepals that can be any of a wide range of colors except for true blue. The tepals often grow in the shape of a cup, although bowl, goblet, and star shapes also exist, and the edges of the tepals may have ruffles or fringe. The plant grows from a papery, teardrop-shaped bulb that resembles and is sometimes mistaken for an onion."
"Tulip"	"Clinical_Signs"	"Vomiting, hypersalivation, depression, diarrhea, stomach pains. Skin irritation is characterized by tingling, redness, and blisters that may spread beyond the point of contact, but effects are usually mild and brief."
"Tulip"	"Toxic_Principle"	"Tulipalin A and B."
"Tulip"	"Conditions_of_Poisoning"	"Poisoning can occur after consumption of the flowers, stem, or bulb of the plant, although the bulb has the highest concentration of the toxin. Skin contact can sometimes cause irritation, although effects are usually quite mild."
"Tulip"	"Animals_Affected"	"Humans, dogs, cats, horses"
"Tulip"	"Distribution"	"Tulips can be found as cultivated plants across North America, but the plants can occasionally be found naturalized in the wild as well. Tulipa sylvestris can sometimes be found in fields, waste areas, and roadsides in the northeastern portion of the United States, and Tulipa clusiana has been seen in the southwestern United States in California."
"Tulip"	"state"	"California"
"Tulip"	"References_Used"	"Burrows, George E., & Tyrl, Ronald J. (2013). Toxic plants of North America. Hoboken: Wiley-Blackwell.
https://plants.ces.ncsu.edu/plants/all/tulipa-spp/
http://www.missouribotanicalgarden.org/PlantFinder/PlantFinderDetails.aspx?kempercode=c252
https://www.aspca.org/pet-care/animal-poison-control/toxic-and-non-toxic-plants/tulip"
"Tulip Cone"	"Class"	"Animals"
"Tulip Cone"	"Category"	"Snail"
"Tulip Cone"	"Clinical_Signs"	"an intense, localized sting to severe, life-threatening paralysis. Respiratory distress, heart failure, delirium, and shock"
"Tulip Cone"	"Treatment"	"Keep the victim still and calm, apply a pressure-immobilization bandage, soak the affected area in hot water if possible, be prepared for CPR, and do not cut the wound or use a tourniquet."
"Water Hemlock"	"Class"	"Plants"
"Water Hemlock"	"Category"	"Plants"
"Water Hemlock"	"Scientific_name"	"Cicuta maculata"
"Water Hemlock"	"Description"	"This 2-10 feet tall herbaceous perennial or biennial native of the Umbelliferae family is very difficult to separate from other species of the same family. It has a tuberous root with 2-8 oblong tubers which are 1.5-3 inches long and about 1/2 inch thick at the thickest point near the middle and stem end. The purple-streaked stems are stout and erect with much branching. The stems are solid when very young, but become hollow with nodes where the leaflets are attached. The stems are chambered with horizontal diaphragm of pith tissue which are more closely arranged at the base of the stem. The horizontal plates of piths are most easily visible by cutting the stem base lengthwise.
The alternate leaves are pinnately 2-3 times compound. The leaves of most species are lanceolate, 2-5 inches long, and sharply toothed. The base of the long petioles clasp the stem.
Flowers are white and tiny (no more than 1/8 inch across), have 5 petals, and appear in loose compound umbels at branch ends in mid summer. Umbels measure from 2 to 8 inches across and become somewhat spherical in fruit. Fruits are ovoid and ribbed on the outer surface.
New growth begins from tubers as well as from seeds. "
"Water Hemlock"	"Clinical_Signs"	"The clinical signs of water hemlock poisoning often follow a rather definite sequence. Frothing at the mouth may occur first, but this is quickly followed by uneasiness, frenzied movements, and other evidence of intense abdominal pain. Jerking of the muscles, twisting backward of the head and neck (opisthotonus), together with stiffening of the limbs, dilated pupils, and rolling eyeballs are followed by spasms of the diaphragm (in some species this may be associated with vomiting), convulsions, and death. The poison acts so quickly that the affected animal may die 15 minutes after the first abnormalities are noticed. "
"Water Hemlock"	"Toxic_Principle"	"The toxic principle of water hemlock has been called cicutoxin and is a resinoid. It is a thick, yellow liquid with a carrot-like or raw parsnip-like odor. It is concentrated especially in the roots and the base of the stem at or below ground surface. The roots are toxic all year. Young leaves are nearly as toxic as roots, but mature leaves have been consumed in summer and autumn without associated problems.
Ingestion of two ounces of water hemlock tubers can kill a sheep, and eight to ten ounces of mature plant can kill a cow."
"Water Hemlock"	"Conditions_of_Poisoning"	"Water hemlock is among the most poisonous plants in Illinois. Although the leaves and fruit, either green or dried in hay, can be eaten without danger, a relatively small amount of the tuber will kill a cow in a short time. There is little danger during summer and fall as stock are not likely to browse on the tall coarse plants. But in early spring, the livestock will eat the young leaves and stems sprouting from the ground, and in doing so may pull the shallow tubers out of the soft wet ground and eat them also. "
"Water Hemlock"	"Control"	"In the early spring livestock should not be allowed to graze in meadows infested with water hemlock, for the young shoots are then springing up and animals can easily pull the poisonous tubers from the wet, soft ground.
Pastures should be free of this plant. It is easiest to remove plants in the early spring. If the plant is not to be removed, it can be kept from spreading by mowing the tops before the seeds form. If extensive marshy areas become infested, it may be necessary to drain the land and cultivate it for several years before animals can again be safely pastured there. "
"Water Hemlock"	"Animals_Affected"	"Cattle, sheep"
"Water Hemlock"	"Distribution"	"The water hemlock occurs throughout the state of Illinois. It is occasionally encountered in wet pastures and meadows and frequently in and along ditches, in the low ground near streams, in low woods, and around ponds and lakes. "
"Water Hemlock"	"state"	"Illinois"
"Western Black Widow"	"Class"	"Bugs"
"Western Black Widow"	"Category"	"Spider"
"Western Black Widow"	"Scientific_name"	"Latrodectus hesperus"
"Western Black Widow"	"Size"	"The average size of mature, female Western Black Widow spiders is approximately .5 inch, with a leg span of 1.5 to 2 inches. Mature, male Western Black Widow spiders are much smaller - approximately 1/3 the size of the female."
"Western Black Widow"	"Description"	"Western Black Widow spiders are a glossy jet-black, with a bright-red hourglass marking on the underside of their abdomen. The hourglass of the Western Black Widow is typically complete, with the bottom half (farthest from the head) typically being slimmer and not as wide as the top half of the hourglass.
In addition to the typical hourglass marking on the underside of their abdomen, immature Black Widow spiders can vary greatly in the way they are marked on the top of their back. Typically they have red or white spots running down the middle of their back. Sometimes they will also have red and white markings patterned down the sides of the abdomen."
"Western Black Widow"	"Distribution"	"The Western Black Widow is found throughout the western United States, being most common in the southwest states. Outside of the United States, the Western Black Widow is found in Southwestern Canada and in Mexico."
"Western Black Widow"	"Notes"	"As with all widow spiders, only the female of the species is considered dangerous. The much smaller male is considered harmless. Western Black Widow spiders are nocturnal, which means they are active during the nighttime. They spend most of their time hanging \upside down\ in their web, which often makes the hourglass marking immediately visible.
Western Black Widow spiders are typically not aggressive, and bite as a defensive measure when they are attacked or feel threatened. They will often retreat into hiding, but are more protective of their web when there are egg sacs present.
The web of the Western Black Widow does not resemble the typical spider's web, such as the garden spider's web, that is often associated with spiders. It instead resembles a cobweb, constructed of very strong white silk. The web will often be constructed under rocks or logs, or in large cracks and crevices, where it will be dark and the web will be protected from the weather. Webs will sometimes be constructed on lawn furniture, wood piles, sheds, barns, and in garages as well."
"Western Black Widow"	"state"	"Arizona,California,Colorado,Hawaii,Idaho,Kansas,Montana,Nebraska,Nevada,New Mexico,North Dakota,Oklahoma,Oregon,South Dakota,Texas,Utah,Washington,Wyoming"
"Western Cottonmouth"	"Class"	"Animals"
"Western Cottonmouth"	"Category"	"Snake"
"Western Cottonmouth"	"Scientific_name"	"Agkistrodon piscivorus leucostoma"
"Western Cottonmouth"	"Size"	"The average size of a mature Western Cottonmouth is approximately 3 feet in length. Some may grow to 4 or 5 feet in length, and on occasion may exceed 5.5 feet."
"Western Cottonmouth"	"Description"	"The Western Cottonmouth, often called a Water Moccasin, is a heavy, thick-bodied snake. It is dark olive, brown, or black in color and usually has dark brown bands around the back and sides. These bands usually have serrated, saw-like edges. The bands are often difficult to see, and the snake's body may appears to be completely black. There is a dark stripe on both sides of the head that starts at the eye and runs backwards along the head, although this is not well defined as it is on the Florida Cottonmouth, and is often difficult to see. This stripe may be outlined on top by a lighter cream-colored pinstripe, and a contrasting lighter color below. The underside of the body is typically yellowish-white to a dark tan in color with dark blotches on it.
The Western Cottonmouth has elliptical pupils that look like cat's eyes and like all pit vipers, has a heat-sensing pit between the nostril and eye on each side of its head. The Western Cottonmouth has a large, triangular head that is wider than the neck when viewed from above.
Young Western Cottonmouths are brightly patterned and the tip of the tail on young Western Cottonmouths is yellow. The yellow tail is used to attract food. It is wiggled in a motion imitating a worm or caterpillar, which attract frogs, lizards, or other prey that the young Western Cottonmouth eats."
"Western Cottonmouth"	"Distribution"	"In the United States, the Western Cottonmouth is found in the southeastern states of Alabama, Arkansas, Georgia, Illinois, Indiana, Kentucky, Louisiana, Mississippi, Missouri, Oklahoma, Tennessee, and Texas."
"Western Cottonmouth"	"Notes"	"Although found in the southeastern United States, the Western Cottonmouth gets the Western in its name from the fact that its range extends farther to the west than the other two Cottonmouth found in the United States.
The Western Cottonmouth is typically found around freshwater such as lakes, ponds, rivers, and swamps. Along with the Eastern Cottonmouth and Florida Cottonmouth, it is one of only three venomous water snakes in North America.
When disturbed or threatened, the Western Cottonmouth with often coil up it's body, open its mouth wide, and show the white inside of its mouth as a defensive warning. The inside of the mouth looks like white cotton, which is where the cottonmouth gets its name. This defensive posture is often called gaping. One interesting fact about this display is that the fangs are typically not erect and showing, but remain retracted. This is a great example of the fact that the Cottonmouth has voluntary control over whether the fangs are erect or not when its mouth is opened.
The Western Cottonmouth is often thought of as an aggressive snake. This is partly due to the fact that they will often stand their ground, showing their defensive posture, rather than retreat. Truth is, they bite out of defense when they feel trapped or cornered, and are not an aggressive snake that will chase someone down.
Many people wrongly assume that any dark-colored snake near the water is a Cottonmouth. There are many different kinds of water snakes that live in the same areas as the Western Cottonmouth. There are ways to tell them apart. The Cottonmouth has elliptical pupils, which look like cat-eyes, whereas the other water snakes have round pupils. The Cottonmouth has heat-sensing pits between its eyes and nostrils, like all pit vipers. The other water snakes do not have heat-sensing pits. When the head is viewed from above, the eyes of the Cottonmouth cannot be seen, whereas the eyes of the water snake can be. The Western Cottonmouth swims with its head well out of the water, whereas water snakes swim with their heads in the water."
"Western Cottonmouth"	"state"	"Alabama,Arkansas,Georgia,Illinois,Indiana,Kentucky,Louisiana,Mississippi,Missouri,Oklahoma,Tennessee,Texas"
"Western Diamondback Rattlesnake"	"Class"	"Animals"
"Western Diamondback Rattlesnake"	"Category"	"Snake"
"Western Diamondback Rattlesnake"	"Scientific_name"	"Crotalus atrox"
"Western Diamondback Rattlesnake"	"Size"	"The average size of a mature Western Diamondback Rattlesnake is 3 - 5 feet in length, with some getting as large as 7 feet. The Western Diamondback Rattlesnake is the largest rattlesnake in the western United States."
"Western Diamondback Rattlesnake"	"Description"	"The Western Diamondback Rattlesnake is a heavy, thick-bodied snake. The body of the snake varies in color and can be yellowish grey, grey, tan, or pinkish and has dark diamond-shaped blotches that form a pattern along the snake's spine. The diamonds are outlined in a cream color. The diamond pattern often fades near the tail and turns into a banding pattern of broad black and white rings at the tail. The end of the tail has a rattle on it.
There is a dark cheek-stripe on both sides of the head that starts at the eye and runs diagonally down and backwards through the corner of mouthline. This stripe is outlined on both sides by cream-colored stripes. The underside of the body is typically creamy off-white in color.
The Western Diamondback Rattlesnake has elliptical pupils that look like cat's eyes and like all pit vipers, has a heat-sensing pit between the nostril and eye on each side of its head. The Western Diamondback Rattlesnake has a large, triangular head that is wider than the neck when viewed from above."
"Western Diamondback Rattlesnake"	"Distribution"	"In the United States, the Western Diamondback Rattlesnake is found in Arizona, Arkansas, California, New Mexico, Oklahoma, and Texas."
"Western Diamondback Rattlesnake"	"state"	"Arizona,Arkansas,California,New Mexico,Oklahoma,Texas"
"Western Massasauga"	"Class"	"Animals"
"Western Massasauga"	"Category"	"Snake"
"Western Massasauga"	"Scientific_name"	"Sistrurus catenatus tergeminus"
"Western Massasauga"	"Size"	"The average size of a mature Western Massasauga is 1.5 - 2.5 feet in length. The largest one ever recorded is 34.75 inches."
"Western Massasauga"	"Description"	"The Western Massasauga is a heavy-bodied snake. The body of the snake is light grey. The snake is marked by dark brown blotches along its spine, and two or three rows of dark brown on its sides. The blotches are sometimes outlined in black and often form into crossbands near the tail. The belly of the Western Massasauga is mostly white or cream with scattered black markings. The end of the tail has a rattle on it.
There is a cheek-stripe on both sides of the head that starts at the eye and runs diagonally down and backwards to the jaw. The top of the head is marked by two stripes that continue on to the neck.
The Western Massasauga is categorized as one of several primitive rattlesnakes in the genus Sistrurus. Unlike other rattlesnakes, these rattlesnakes have 9 enlarged scales on the top of their head.
The Western Massasauga has elliptical pupils that look like cat's eyes and like all pit vipers, has a heat-sensing pit between the nostril and eye on each side of its head. The Western Massasauga has a large, triangular head that is wider than the neck when viewed from above."
"Western Massasauga"	"Distribution"	"In the United States, the Western Massasauga is found in Colorado, Iowa, Kansas, Missouri, Nebraska, Oklahoma, and Texas."
"Western Massasauga"	"state"	"Colorado,Iowa,Kansas,Missouri,Nebraska,Oklahoma,Texas"
"Western Pygmy Rattlesnake"	"Class"	"Animals"
"Western Pygmy Rattlesnake"	"Category"	"Snake"
"Western Pygmy Rattlesnake"	"Scientific_name"	"Sistrurus miliarius streckeri"
"Western Pygmy Rattlesnake"	"Size"	"The average size of a mature Western Pygmy Rattlesnake is 1 - 2 feet in length."
"Western Pygmy Rattlesnake"	"Description"	"The Western Pygmy Rattlesnake, often called the \Ground Rattler\, is a heavy-bodied snake. The body of the snake is tan, grey, or even reddish. A red or rust colored stripe often runs along the spine. The snake is marked by dark brown or black blotches along its spine that appear to cover the red stripe. There is also one or two rows of dark brown or black blotches on its sides. There is a dark cheek-stripe on both sides of the head that starts at the eye and runs diagonally down and backwards to the jaw above the mouthline. The bottom of the cheek-stripe is often edged in white. The top of the head is often marked by two stripes that continue on to the neck. The end of the tail has a small rattle on it that is seldom lounder than a buzzing insect, and is often not heard or even seen.
The Western Pygmy Rattlesnake is categorized as one of several primitive rattlesnakes in the genus Sistrurus. Unlike other rattlesnakes, these rattlesnakes have 9 enlarged scales on the top of their head.
The Western Pygmy Rattlesnake has elliptical pupils that look like cat's eyes and like all pit vipers, has a heat-sensing pit between the nostril and eye on each side of its head. The Western Pygmy Rattlesnake has a large, triangular head that is wider than the neck when viewed from above."
"Western Pygmy Rattlesnake"	"Distribution"	"In the United States, the Western Pygmy Rattlesnake is found in Alabama, Arkansas, Kentucky, Louisiana, Mississippi, Missouri, Oklahoma, Tennessee, and Texas"
"Western Pygmy Rattlesnake"	"state"	"Alabama,Arkansas,Kentucky,Louisiana,Mississippi,Missouri,Oklahoma,Tennessee,Texas"
"Western Twin Spotted Rattlesnake"	"Class"	"Animals"
"Western Twin Spotted Rattlesnake"	"Category"	"Snake"
"Western Twin Spotted Rattlesnake"	"Scientific_name"	"Crotalus pricei pricei"
"Western Twin Spotted Rattlesnake"	"Size"	"The average size of a mature Western Twin Spotted Rattlesnake is 1 - 2 feet."
"Western Twin Spotted Rattlesnake"	"Description"	"The Western Twin Spotted Rattlesnake is a slender snake. The body color of the snake is a blue-grey or brown. The body is patterned with two rows of darker spots or blotches. The blotches are not always paired together. The blotches form together into a single row near the tail. The end of the tail has a rattle on it. There is a cheek-stipe on both sides of the head that starts at the eye and runs diagonally down and backwards to the jaw. The cheek-stripe is edges by a lighter color.
The Western Twin Spotted Rattlesnake has elliptical pupils that look like cat's eyes and like all pit vipers, has a heat-sensing pit between the nostril and eye on each side of its head. The Banded Rock Rattlesnake has a relatively small triangular head that is only slightly wider than the neck when viewed from above."
"Western Twin Spotted Rattlesnake"	"Distribution"	"In the United States, the Western Twin Spotted Rattlesnake is found only in Arizona."
"Western Twin Spotted Rattlesnake"	"state"	"Arizona"
"Wild Onion"	"Class"	"Plants"
"Wild Onion"	"Category"	"Plants"
"Wild Onion"	"Scientific_name"	"Allium"
"Wild Onion"	"Description"	"Wild onion (A. validum or A. canadense) is a bulbous herb of the Amaryllis family and is a close relative of cultivated onion (Allium cepa L.). It has a distinct onion odor. It has slender grass-like leaves and reaches about 2 feet in height when flowers appear in late summer. Leaves are narrow, long, and with parallel edges arising from the small underground bulb. Flowers, varying in color, depending on the species,  from white to pink, appear at the top of a leafless stem and eventually become bulblets which drop to the ground and propagate. 
It is thought that the name Chicago is derived from the smell of wild onions:
\Indians, mainly Potawatomi, who were the most powerful tribe around the south end of Lake Michigan, hunted, traded furs, and occasionally camped in the area they called \Checagou,\ evidently referring to the garlic wild onion smell which permeated the air.\ -- Encyclopedia of Illinois, 2nd. Edition. Somerset Publishers, New York, 1994. p. 138."
"Wild Onion"	"Clinical_Signs"	"Urine discoloration may vary from wine red to almost black. Muscle weakness, rapid breathing, and a rapid heart rate may be noted if hemolysis is sufficiently severe. Some animals may be icteric (jaundiced) and/or have a characteristic onion odor to the breath. Loss of weight and appetite may also occur. Although severe toxicoses may be lethal, doses may cause only taste and odor problems in the milk of dairy cows."
"Wild Onion"	"Toxic_Principle"	"Both wild and cultivated onions contain the same toxic principle, N-propyl disulfide which primarily affects erythrocytes. The principle effects are related to hemolysis (rupture of red blood cells). This is believed to be secondary to oxidant-associated effects, and Heinz bodies may sometimes be evident in red blood cells. Other compounds are believed to be responsible for the lacrimator (tear producing) and antithrombotic (anti-clotting) effects associated with onions and garlic. Various sulfur-containing metabolites are probably responsible for the odors associated with ingestion of onions and garlic."
"Wild Onion"	"Conditions_of_Poisoning"	"Cattle are susceptible to onion poisoning and eating large amounts of this plant can cause death in this species. In areas where culled onions are grown commercially, they can be fed to cattle with few problems when the feed is mixed with ample amounts of other feed components. Poisoning may occur when cool spring weather delays growth of grass and wild onions are available in comparatively large amounts for cattle to graze. Horses and sheep are less susceptible, with goats being the least susceptible. In some cases, sheep may eat onions and show nothing more than slight hemoglobinemia. "
"Wild Onion"	"Control"	"Due to its easily-separable bulbs and thin, waxy leaves, wild onion can be difficult to remove both by hand pulling and through the use of herbicides. Using a trowel to dig up the entire bulb and roots can be effective and can help reduce the number of bulb and bulblets left in the ground. Steps to remove the plants should be taken during late fall in November and again in late winter/early spring before new plants are produced in March."
"Wild Onion"	"Animals_Affected"	"Cattle, cats, dogs, horses, sheep, goats"
"Wild Onion"	"Distribution"	"Wild onion is found in meadows and woodlands in the northeastern and north central United States. Other species grow throughout the western United States. Several species of wild onion are found in Illinois with Allium canadense found in all counties. "
"Wild Onion"	"state"	"Illinois"
"Wolf Spider"	"Class"	"Bugs"
"Wolf Spider"	"Category"	"Spider"
"Wolf Spider"	"Clinical_Signs"	"Look of bite: A wolf spider bite may look like a bug bite. You may notice a red bump and swelling in the bite area. In addition, a wolf spider may puncture your skin and leave fang-like marks.
Feeling of bite: Other wolf spider bite symptoms may include pain and itching
Shortness of breath, itching, swelling, fever, vomiting, and pain"
"Wolf Spider"	"Treatment"	"Cure:  It usually goes away within a few days. Unless you actually see the wolf spider bite you, it's usually difficult to determine what bit you. Some people may have allergic reactions from spider bites."
"Yellow-Bellied Sea Snake"	"Class"	"Animals"
"Yellow-Bellied Sea Snake"	"Category"	"Snake"
"Yellow-Bellied Sea Snake"	"Scientific_name"	""
"Yellow-Bellied Sea Snake"	"state"	"Hawaii"
"Yellow Fat-Tailed Scorpion"	"Class"	"Bugs"
"Yellow Fat-Tailed Scorpion"	"Category"	"Scorpion"
"Yellow Fat-Tailed Scorpion"	"Clinical_Signs"	"local pain and numbness to severe systemic effects like respiratory distress, convulsions, and cardiovascular issues.
(Also Not Really) Various neurological, cardiovascular, and respiratory problems, including muscle twitching, heart problems, and breathing difficulties, as well as less commonly, complications like stroke."
"Yellow Fat-Tailed Scorpion"	"Treatment"	"Seek immediate medical help, clean the wound, apply a cool compress, and take over-the-counter pain relievers."
"Yellow Fat-Tailed Scorpion"	"Notes"	"Also super deadly."
